"Period";"Line";"Leading product";"Product";"Package text long";"Volume";"Value";"Dli ddd";"Volume accumulated";"Value accumulated";"Dli ddd accumulated"
"10-08-2020";"AMGEN, Danmark";"Xgeva";"Xgeva";"Xgeva Inj.væske, opløsning 120 mg 1 stk. (1,7 ml) AMGEN, Danmark 537305";"0";"0,00";"0,000";"116";"243.818,08";"42.181,776"
"10-08-2020";"Otezla";"Otezla";"Otezla";"Otezla Filmovertrukne tabl. 10+20+30 mg 4 + 4 + 19 stk. (blister) AMGEN, Danmark 477099";"0";"0,00";"0,000";"0";"0,00";"0,000"
"10-08-2020";"AMGEN, Danmark";"Nplate";"Nplate";"Nplate Pulv.t.inj.væske,opl 500 mikrogram 1 htgl. AMGEN, Danmark 027818";"0";"0,00";"0,000";"4";"28.605,32";"66,668"
"10-08-2020";"AMGEN, Danmark";"Otezla";"Otezla";"Otezla Filmovertrukne tabl. 30 mg 56 stk. (blister) AMGEN, Danmark 139604";"0";"0,00";"0,000";"6";"31.973,04";"168,000"
"10-08-2020";"AMGEN, Danmark";"Otezla";"Otezla";"Otezla Filmovertrukne tabl. 10+20+30 mg 4 + 4 + 19 stk. (blister) AMGEN, Danmark 477099";"0";"0,00";"0,000";"0";"0,00";"0,000"
"10-08-2020";"AMGEN, Danmark";"Prolia";"Prolia";"Prolia Inj.væske, opløsning 60 mg/ml 1 stk. (Paranova) Paranova A/S 047403";"0";"0,00";"0,000";"0";"0,00";"0,000"
"10-08-2020";"AMGEN, Danmark";"Prolia";"Prolia";"Prolia Inj.væske, opløsning 60 mg/ml 1 stk. AMGEN, Danmark 085792";"0";"0,00";"0,000";"0";"0,00";"0,000"
"10-08-2020";"AMGEN, Danmark";"Prolia";"Prolia";"Prolia Inj.væske, opløsning 60 mg/ml 1 stk. (2care4) 2care4 419605";"0";"0,00";"0,000";"0";"0,00";"0,000"
"10-08-2020";"AMGEN, Danmark";"Prolia";"Prolia";"Prolia Inj.væske, opløsning 60 mg/ml 1 stk. (Orifarm) Orifarm A/S 434534";"1";"1.753,61";"181,818";"153";"268.302,33";"27.818,154"
"10-08-2020";"AMGEN, Danmark";"Prolia";"Prolia";"Prolia Inj.væske, opløsning 60 mg/ml 1 stk. (Abacus) Abacus 464168";"0";"0,00";"0,000";"0";"0,00";"0,000"
"10-08-2020";"AMGEN, Danmark";"Aranesp";"Aranesp";"Aranesp Inj.vsk,opl.,sprøjte 10 mikrogram 4 x 0,4 ml AMGEN, Danmark 003195";"0";"0,00";"0,000";"5";"3.119,05";"44,445"
"10-08-2020";"AMGEN, Danmark";"Aranesp";"Aranesp";"Aranesp inj.væske, opl., pen 500 mikrogram 1,0 ml AMGEN, Danmark 023480";"0";"0,00";"0,000";"0";"0,00";"0,000"
"10-08-2020";"AMGEN, Danmark";"Aranesp";"Aranesp";"Aranesp Inj.vsk,opl.,sprøjte 20 mikrogram 4x0,5ml(m.saf.dev.) AMGEN, Danmark 057126";"20";"24.953,60";"355,560";"101";"126.015,68";"1.795,578"
"10-08-2020";"AMGEN, Danmark";"Aranesp";"Aranesp";"Aranesp Inj.vsk,opl.,sprøjte 30 mikrogram 4x0,3ml(m.saf.dev.) AMGEN, Danmark 057148";"10";"18.714,70";"266,670";"179";"334.993,13";"4.773,393"
"10-08-2020";"AMGEN, Danmark";"Aranesp";"Aranesp";"Aranesp Inj.vsk,opl.,sprøjte 40 mikrogram 4x0,4 ml(m.saf.dev.) AMGEN, Danmark 057171";"0";"0,00";"0,000";"163";"406.743,68";"5.795,628"
"10-08-2020";"AMGEN, Danmark";"Aranesp";"Aranesp";"Aranesp Inj.vsk,opl.,sprøjte 50 mikrogram 4x0,5ml(m.saf.dev.) AMGEN, Danmark 057194";"0";"0,00";"0,000";"39";"121.646,85";"1.733,316"
"10-08-2020";"AMGEN, Danmark";"Aranesp";"Aranesp";"Aranesp Inj.vsk,opl.,sprøjte 60 mikrogram 4x0,3 ml(m.saf.dev.) AMGEN, Danmark 057217";"20";"74.860,40";"1.066,660";"30";"112.290,60";"1.599,990"
"10-08-2020";"AMGEN, Danmark";"Aranesp";"Aranesp";"Aranesp Inj.vsk,opl.,sprøjte 80 mikrogram 4 x 0,4 ml AMGEN, Danmark 057239";"0";"0,00";"0,000";"18";"89.832,24";"1.279,998"
"10-08-2020";"AMGEN, Danmark";"Aranesp";"Aranesp";"Aranesp Inj.vsk,opl.,sprøjte 100 mikrogram 4 x 0,5 ml AMGEN, Danmark 057262";"10";"62.383,60";"888,890";"41";"255.772,76";"3.644,449"
"10-08-2020";"AMGEN, Danmark";"Aranesp";"Aranesp";"Aranesp Inj.vsk,opl.,sprøjte 130 mikrogram 4x0,65ml(m.saf.dev.) AMGEN, Danmark 057285";"0";"0,00";"0,000";"1";"8.109,88";"115,556"
"10-08-2020";"AMGEN, Danmark";"Aranesp";"Aranesp";"Aranesp Inj.vsk,opl.,sprøjte 150 mikrogram 4 x 0,3 ml AMGEN, Danmark 057308";"0";"0,00";"0,000";"44";"411.733,08";"5.866,652"
"10-08-2020";"AMGEN, Danmark";"Aranesp";"Aranesp";"Aranesp Inj.vsk,opl.,sprøjte 300 mikrogram 1x0,6 ml(m.saf.dev.) AMGEN, Danmark 057319";"0";"0,00";"0,000";"65";"304.119,40";"4.333,355"
"10-08-2020";"AMGEN, Danmark";"Aranesp";"Aranesp";"Aranesp Inj.vsk,opl.,sprøjte 500 mikrogram 1ml(m.saf.dev.) AMGEN, Danmark 057341";"0";"0,00";"0,000";"76";"592.642,68";"8.444,436"
"10-08-2020";"AMGEN, Danmark";"Aranesp";"Aranesp";"Aranesp inj.væske, opl., pen 150 mikrogram 0,3 ml AMGEN, Danmark 091919";"20";"46.787,40";"666,660";"130";"304.118,10";"4.333,290"
"10-08-2020";"AMGEN, Danmark";"Aranesp";"Aranesp";"Aranesp inj.væske, opl., pen 500 mikrogram 1,0 ml AMGEN, Danmark 136635";"0";"0,00";"0,000";"0";"0,00";"0,000"
"10-08-2020";"AMGEN, Danmark";"Aranesp";"Aranesp";"Aranesp inj.væske, opl., pen 300 mikrogram 0,6 ml AMGEN, Danmark 155908";"20";"93.575,20";"1.333,340";"200";"935.752,00";"13.333,400"
"10-08-2020";"AMGEN, Danmark";"Mimpara";"Mimpara";"Mimpara Filmovertrukne tabl. 60 mg 28 stk. (2 x 14) (blister) AMGEN, Danmark 016791";"0";"0,00";"0,000";"10";"25.281,30";"280,000"
"10-08-2020";"AMGEN, Danmark";"Mimpara";"Mimpara";"Mimpara Filmovertrukne tabl. 90 mg 28 stk. (2 x 14) (blister) AMGEN, Danmark 016802";"3";"11.376,57";"126,000";"5";"18.960,95";"210,000"
"10-08-2020";"AMGEN, Danmark";"Mimpara";"Mimpara";"Mimpara Filmovertrukne tabl. 30 mg 28 stk. (2 x 14) (blister) AMGEN, Danmark 016868";"30";"41.082,00";"420,000";"180";"246.492,00";"2.520,000"
"10-08-2020";"AMGEN, Danmark";"Mimpara";"Mimpara";"Mimpara Filmovertrukne tabl. 30 mg 28 stk. (blister)(Orifarm) Orifarm A/S 189463";"0";"0,00";"0,000";"0";"0,00";"0,000"
"10-08-2020";"AMGEN, Danmark";"Mimpara";"Mimpara";"Mimpara Filmovertrukne tabl. 90 mg 28 stk. (blister)(Orifarm) Orifarm A/S 192763";"0";"0,00";"0,000";"0";"0,00";"0,000"
"10-08-2020";"AMGEN, Danmark";"Mimpara";"Mimpara";"Mimpara Filmovertrukne tabl. 60 mg 28 stk. (blister)(Orifarm) Orifarm A/S 591333";"0";"0,00";"0,000";"0";"0,00";"0,000"
"10-08-2020";"AMGEN, Danmark";"Repatha";"Repatha";"Repatha inj.væske, opl., pen 140 mg 6 stk. AMGEN, Danmark 553814";"0";"0,00";"0,000";"11";"106.549,52";"66,000"
"10-08-2020";"AMGEN, Danmark";"Repatha";"Repatha";"Repatha inj.væske, opl., pen 140 mg 2 stk. AMGEN, Danmark 582043";"0";"0,00";"0,000";"0";"0,00";"0,000"
"10-08-2020";"AMGEN, Danmark";"AMGEVITA";"AMGEVITA";"AMGEVITA inj.væske, opl., pen 40 mg 2 stk. AMGEN, Danmark 155045";"0";"0,00";"0,000";"93";"455.055,51";"2.565,498"
"10-08-2020";"AMGEN, Danmark";"AMGEVITA";"AMGEVITA";"AMGEVITA Inj.vsk,opl.,sprøjte 40 mg 2 stk. AMGEN, Danmark 169691";"0";"0,00";"0,000";"13";"63.609,91";"358,618"
"10-08-2020";"AMGEN, Danmark";"AMGEVITA";"AMGEVITA";"AMGEVITA inj.væske, opl., pen 40 mg 2 stk. AMGEN, Danmark 472938";"0";"0,00";"0,000";"0";"0,00";"0,000"
"10-08-2020";"AMGEN, Danmark";"AMGEVITA";"AMGEVITA";"AMGEVITA Inj.vsk,opl.,sprøjte 20 mg 1 stk. AMGEN, Danmark 493438";"0";"0,00";"0,000";"0";"0,00";"0,000"
"10-08-2020";"AMGEN, Danmark";"Blincyto";"Blincyto";"Blincyto pul.t.kon+op.t.inf.o 38,5 mikrogram 1 sæt AMGEN, Danmark 177099";"0";"0,00";"0,000";"0";"0,00";"0,000"
"10-08-2020";"AMGEN, Danmark";"Kyprolis";"Kyprolis";"Kyprolis Pulv.t.inf.væske,opl 30 mg 1 stk. AMGEN, Danmark 090435";"20";"86.568,80";"20,000";"26";"112.539,44";"26,000"
"10-08-2020";"AMGEN, Danmark";"Kyprolis";"Kyprolis";"Kyprolis Pulv.t.inf.væske,opl 60 mg 1 stk. AMGEN, Danmark 534401";"20";"173.137,80";"20,000";"49";"424.187,61";"49,000"
"10-08-2020";"AMGEN, Danmark";"Kyprolis";"Kyprolis";"Kyprolis Pulv.t.inf.væske,opl 10 mg 1 stk. AMGEN, Danmark 542915";"0";"0,00";"0,000";"4";"5.771,24";"4,000"
"10-08-2020";"AMGEN, Danmark";"Neulasta";"Neulasta";"Neulasta Inj.vsk,opl.,sprøjte 6 mg 0,6 ml AMGEN, Danmark 056936";"0";"0,00";"0,000";"0";"0,00";"0,000"
"10-08-2020";"AMGEN, Danmark";"Neupogen";"Neupogen";"Neupogen Inj.væske, opløsning 0,3 mg/ml 5 htgl. a 1 ml AMGEN, Danmark 167130";"0";"0,00";"0,000";"5";"13.813,60";"21,430"
"10-08-2020";"AMGEN, Danmark";"Neupogen";"Neupogen Novum";"Neupogen Novum Inj.vsk,opl.,sprøjte 0,6 mg/ml 5 x 0,5 ml AMGEN, Danmark 004345";"0";"0,00";"0,000";"0";"0,00";"0,000"
"10-08-2020";"AMGEN, Danmark";"Neupogen";"Neupogen Novum";"Neupogen Novum Inj.vsk,opl.,sprøjte 0,96 mg/ml 5 x 0,5 ml AMGEN, Danmark 004367";"0";"0,00";"0,000";"0";"0,00";"0,000"
"10-08-2020";"AMGEN, Danmark";"Parsabiv";"Parsabiv";"Parsabiv Inj.væske, opløsning 10 mg 6 stk. AMGEN, Danmark 414174";"0";"0,00";"0,000";"0";"0,00";"0,000"
"10-08-2020";"AMGEN, Danmark";"Parsabiv";"Parsabiv";"Parsabiv Inj.væske, opløsning 2,5 mg 6 stk. AMGEN, Danmark 435162";"0";"0,00";"0,000";"3";"1.828,56";"21,429"
"10-08-2020";"AMGEN, Danmark";"Parsabiv";"Parsabiv";"Parsabiv Inj.væske, opløsning 5 mg 6 stk. AMGEN, Danmark 491810";"0";"0,00";"0,000";"17";"20.724,36";"242,862"
"10-08-2020";"AMGEN, Danmark";"Vectibix";"Vectibix";"Vectibix Konc.t.inf.væsk.opl. 20 mg/ml 20 ml AMGEN, Danmark 112725";"5";"57.211,70";"0,000";"20";"228.846,80";"0,000"
"10-08-2020";"AMGEN, Danmark";"Vectibix";"Vectibix";"Vectibix Konc.t.inf.væsk.opl. 20 mg/ml 5 ml AMGEN, Danmark 483104";"40";"114.421,60";"0,000";"60";"171.632,40";"0,000"
"10-08-2020";"Otezla";"Otezla";"Otezla";"Otezla Filmovertrukne tabl. 30 mg 56 stk. (blister) AMGEN, Danmark 139604";"0";"0,00";"0,000";"6";"31.973,04";"168,000"
"10-08-2020";"AMGEN, Danmark";"Nplate";"Nplate";"Nplate Pulv.t.inj.væske,opl 250 mikrogram 1 htgl. AMGEN, Danmark 027807";"0";"0,00";"0,000";"4";"14.302,72";"33,332"
"09-08-2020";"AMGEN, Danmark";"Xgeva";"Xgeva";"Xgeva Inj.væske, opløsning 120 mg 1 stk. (1,7 ml) AMGEN, Danmark 537305";"0";"0,00";"0,000";"116";"243.818,08";"42.181,776"
"09-08-2020";"Otezla";"Otezla";"Otezla";"Otezla Filmovertrukne tabl. 10+20+30 mg 4 + 4 + 19 stk. (blister) AMGEN, Danmark 477099";"0";"0,00";"0,000";"0";"0,00";"0,000"
"09-08-2020";"AMGEN, Danmark";"Nplate";"Nplate";"Nplate Pulv.t.inj.væske,opl 500 mikrogram 1 htgl. AMGEN, Danmark 027818";"0";"0,00";"0,000";"4";"28.605,32";"66,668"
"09-08-2020";"AMGEN, Danmark";"Otezla";"Otezla";"Otezla Filmovertrukne tabl. 30 mg 56 stk. (blister) AMGEN, Danmark 139604";"0";"0,00";"0,000";"6";"31.973,04";"168,000"
"09-08-2020";"AMGEN, Danmark";"Otezla";"Otezla";"Otezla Filmovertrukne tabl. 10+20+30 mg 4 + 4 + 19 stk. (blister) AMGEN, Danmark 477099";"0";"0,00";"0,000";"0";"0,00";"0,000"
"09-08-2020";"AMGEN, Danmark";"Prolia";"Prolia";"Prolia Inj.væske, opløsning 60 mg/ml 1 stk. (Paranova) Paranova A/S 047403";"0";"0,00";"0,000";"0";"0,00";"0,000"
"09-08-2020";"AMGEN, Danmark";"Prolia";"Prolia";"Prolia Inj.væske, opløsning 60 mg/ml 1 stk. AMGEN, Danmark 085792";"0";"0,00";"0,000";"0";"0,00";"0,000"
"09-08-2020";"AMGEN, Danmark";"Prolia";"Prolia";"Prolia Inj.væske, opløsning 60 mg/ml 1 stk. (2care4) 2care4 419605";"0";"0,00";"0,000";"0";"0,00";"0,000"
"09-08-2020";"AMGEN, Danmark";"Prolia";"Prolia";"Prolia Inj.væske, opløsning 60 mg/ml 1 stk. (Orifarm) Orifarm A/S 434534";"0";"0,00";"0,000";"152";"266.548,72";"27.636,336"
"09-08-2020";"AMGEN, Danmark";"Prolia";"Prolia";"Prolia Inj.væske, opløsning 60 mg/ml 1 stk. (Abacus) Abacus 464168";"0";"0,00";"0,000";"0";"0,00";"0,000"
"09-08-2020";"AMGEN, Danmark";"Aranesp";"Aranesp";"Aranesp Inj.vsk,opl.,sprøjte 10 mikrogram 4 x 0,4 ml AMGEN, Danmark 003195";"0";"0,00";"0,000";"5";"3.119,05";"44,445"
"09-08-2020";"AMGEN, Danmark";"Aranesp";"Aranesp";"Aranesp inj.væske, opl., pen 500 mikrogram 1,0 ml AMGEN, Danmark 023480";"0";"0,00";"0,000";"0";"0,00";"0,000"
"09-08-2020";"AMGEN, Danmark";"Aranesp";"Aranesp";"Aranesp Inj.vsk,opl.,sprøjte 20 mikrogram 4x0,5ml(m.saf.dev.) AMGEN, Danmark 057126";"0";"0,00";"0,000";"81";"101.062,08";"1.440,018"
"09-08-2020";"AMGEN, Danmark";"Aranesp";"Aranesp";"Aranesp Inj.vsk,opl.,sprøjte 30 mikrogram 4x0,3ml(m.saf.dev.) AMGEN, Danmark 057148";"0";"0,00";"0,000";"169";"316.278,43";"4.506,723"
"09-08-2020";"AMGEN, Danmark";"Aranesp";"Aranesp";"Aranesp Inj.vsk,opl.,sprøjte 40 mikrogram 4x0,4 ml(m.saf.dev.) AMGEN, Danmark 057171";"0";"0,00";"0,000";"163";"406.743,68";"5.795,628"
"09-08-2020";"AMGEN, Danmark";"Aranesp";"Aranesp";"Aranesp Inj.vsk,opl.,sprøjte 50 mikrogram 4x0,5ml(m.saf.dev.) AMGEN, Danmark 057194";"0";"0,00";"0,000";"39";"121.646,85";"1.733,316"
"09-08-2020";"AMGEN, Danmark";"Aranesp";"Aranesp";"Aranesp Inj.vsk,opl.,sprøjte 60 mikrogram 4x0,3 ml(m.saf.dev.) AMGEN, Danmark 057217";"0";"0,00";"0,000";"10";"37.430,20";"533,330"
"09-08-2020";"AMGEN, Danmark";"Aranesp";"Aranesp";"Aranesp Inj.vsk,opl.,sprøjte 80 mikrogram 4 x 0,4 ml AMGEN, Danmark 057239";"0";"0,00";"0,000";"18";"89.832,24";"1.279,998"
"09-08-2020";"AMGEN, Danmark";"Aranesp";"Aranesp";"Aranesp Inj.vsk,opl.,sprøjte 100 mikrogram 4 x 0,5 ml AMGEN, Danmark 057262";"0";"0,00";"0,000";"31";"193.389,16";"2.755,559"
"09-08-2020";"AMGEN, Danmark";"Aranesp";"Aranesp";"Aranesp Inj.vsk,opl.,sprøjte 130 mikrogram 4x0,65ml(m.saf.dev.) AMGEN, Danmark 057285";"0";"0,00";"0,000";"1";"8.109,88";"115,556"
"09-08-2020";"AMGEN, Danmark";"Aranesp";"Aranesp";"Aranesp Inj.vsk,opl.,sprøjte 150 mikrogram 4 x 0,3 ml AMGEN, Danmark 057308";"0";"0,00";"0,000";"44";"411.733,08";"5.866,652"
"09-08-2020";"AMGEN, Danmark";"Aranesp";"Aranesp";"Aranesp Inj.vsk,opl.,sprøjte 300 mikrogram 1x0,6 ml(m.saf.dev.) AMGEN, Danmark 057319";"0";"0,00";"0,000";"65";"304.119,40";"4.333,355"
"09-08-2020";"AMGEN, Danmark";"Aranesp";"Aranesp";"Aranesp Inj.vsk,opl.,sprøjte 500 mikrogram 1ml(m.saf.dev.) AMGEN, Danmark 057341";"0";"0,00";"0,000";"76";"592.642,68";"8.444,436"
"09-08-2020";"AMGEN, Danmark";"Aranesp";"Aranesp";"Aranesp inj.væske, opl., pen 150 mikrogram 0,3 ml AMGEN, Danmark 091919";"0";"0,00";"0,000";"110";"257.330,70";"3.666,630"
"09-08-2020";"AMGEN, Danmark";"Aranesp";"Aranesp";"Aranesp inj.væske, opl., pen 500 mikrogram 1,0 ml AMGEN, Danmark 136635";"0";"0,00";"0,000";"0";"0,00";"0,000"
"09-08-2020";"AMGEN, Danmark";"Aranesp";"Aranesp";"Aranesp inj.væske, opl., pen 300 mikrogram 0,6 ml AMGEN, Danmark 155908";"0";"0,00";"0,000";"180";"842.176,80";"12.000,060"
"09-08-2020";"AMGEN, Danmark";"Mimpara";"Mimpara";"Mimpara Filmovertrukne tabl. 60 mg 28 stk. (2 x 14) (blister) AMGEN, Danmark 016791";"0";"0,00";"0,000";"10";"25.281,30";"280,000"
"09-08-2020";"AMGEN, Danmark";"Mimpara";"Mimpara";"Mimpara Filmovertrukne tabl. 90 mg 28 stk. (2 x 14) (blister) AMGEN, Danmark 016802";"0";"0,00";"0,000";"2";"7.584,38";"84,000"
"09-08-2020";"AMGEN, Danmark";"Mimpara";"Mimpara";"Mimpara Filmovertrukne tabl. 30 mg 28 stk. (2 x 14) (blister) AMGEN, Danmark 016868";"0";"0,00";"0,000";"150";"205.410,00";"2.100,000"
"09-08-2020";"AMGEN, Danmark";"Mimpara";"Mimpara";"Mimpara Filmovertrukne tabl. 30 mg 28 stk. (blister)(Orifarm) Orifarm A/S 189463";"0";"0,00";"0,000";"0";"0,00";"0,000"
"09-08-2020";"AMGEN, Danmark";"Mimpara";"Mimpara";"Mimpara Filmovertrukne tabl. 90 mg 28 stk. (blister)(Orifarm) Orifarm A/S 192763";"0";"0,00";"0,000";"0";"0,00";"0,000"
"09-08-2020";"AMGEN, Danmark";"Mimpara";"Mimpara";"Mimpara Filmovertrukne tabl. 60 mg 28 stk. (blister)(Orifarm) Orifarm A/S 591333";"0";"0,00";"0,000";"0";"0,00";"0,000"
"09-08-2020";"AMGEN, Danmark";"Repatha";"Repatha";"Repatha inj.væske, opl., pen 140 mg 6 stk. AMGEN, Danmark 553814";"0";"0,00";"0,000";"11";"106.549,52";"66,000"
"09-08-2020";"AMGEN, Danmark";"Repatha";"Repatha";"Repatha inj.væske, opl., pen 140 mg 2 stk. AMGEN, Danmark 582043";"0";"0,00";"0,000";"0";"0,00";"0,000"
"09-08-2020";"AMGEN, Danmark";"AMGEVITA";"AMGEVITA";"AMGEVITA inj.væske, opl., pen 40 mg 2 stk. AMGEN, Danmark 155045";"0";"0,00";"0,000";"93";"455.055,51";"2.565,498"
"09-08-2020";"AMGEN, Danmark";"AMGEVITA";"AMGEVITA";"AMGEVITA Inj.vsk,opl.,sprøjte 40 mg 2 stk. AMGEN, Danmark 169691";"0";"0,00";"0,000";"13";"63.609,91";"358,618"
"09-08-2020";"AMGEN, Danmark";"AMGEVITA";"AMGEVITA";"AMGEVITA inj.væske, opl., pen 40 mg 2 stk. AMGEN, Danmark 472938";"0";"0,00";"0,000";"0";"0,00";"0,000"
"09-08-2020";"AMGEN, Danmark";"AMGEVITA";"AMGEVITA";"AMGEVITA Inj.vsk,opl.,sprøjte 20 mg 1 stk. AMGEN, Danmark 493438";"0";"0,00";"0,000";"0";"0,00";"0,000"
"09-08-2020";"AMGEN, Danmark";"Blincyto";"Blincyto";"Blincyto pul.t.kon+op.t.inf.o 38,5 mikrogram 1 sæt AMGEN, Danmark 177099";"0";"0,00";"0,000";"0";"0,00";"0,000"
"09-08-2020";"AMGEN, Danmark";"Kyprolis";"Kyprolis";"Kyprolis Pulv.t.inf.væske,opl 30 mg 1 stk. AMGEN, Danmark 090435";"0";"0,00";"0,000";"6";"25.970,64";"6,000"
"09-08-2020";"AMGEN, Danmark";"Kyprolis";"Kyprolis";"Kyprolis Pulv.t.inf.væske,opl 60 mg 1 stk. AMGEN, Danmark 534401";"0";"0,00";"0,000";"29";"251.049,81";"29,000"
"09-08-2020";"AMGEN, Danmark";"Kyprolis";"Kyprolis";"Kyprolis Pulv.t.inf.væske,opl 10 mg 1 stk. AMGEN, Danmark 542915";"0";"0,00";"0,000";"4";"5.771,24";"4,000"
"09-08-2020";"AMGEN, Danmark";"Neulasta";"Neulasta";"Neulasta Inj.vsk,opl.,sprøjte 6 mg 0,6 ml AMGEN, Danmark 056936";"0";"0,00";"0,000";"0";"0,00";"0,000"
"09-08-2020";"AMGEN, Danmark";"Neupogen";"Neupogen";"Neupogen Inj.væske, opløsning 0,3 mg/ml 5 htgl. a 1 ml AMGEN, Danmark 167130";"0";"0,00";"0,000";"5";"13.813,60";"21,430"
"09-08-2020";"AMGEN, Danmark";"Neupogen";"Neupogen Novum";"Neupogen Novum Inj.vsk,opl.,sprøjte 0,6 mg/ml 5 x 0,5 ml AMGEN, Danmark 004345";"0";"0,00";"0,000";"0";"0,00";"0,000"
"09-08-2020";"AMGEN, Danmark";"Neupogen";"Neupogen Novum";"Neupogen Novum Inj.vsk,opl.,sprøjte 0,96 mg/ml 5 x 0,5 ml AMGEN, Danmark 004367";"0";"0,00";"0,000";"0";"0,00";"0,000"
"09-08-2020";"AMGEN, Danmark";"Parsabiv";"Parsabiv";"Parsabiv Inj.væske, opløsning 10 mg 6 stk. AMGEN, Danmark 414174";"0";"0,00";"0,000";"0";"0,00";"0,000"
"09-08-2020";"AMGEN, Danmark";"Parsabiv";"Parsabiv";"Parsabiv Inj.væske, opløsning 2,5 mg 6 stk. AMGEN, Danmark 435162";"0";"0,00";"0,000";"3";"1.828,56";"21,429"
"09-08-2020";"AMGEN, Danmark";"Parsabiv";"Parsabiv";"Parsabiv Inj.væske, opløsning 5 mg 6 stk. AMGEN, Danmark 491810";"0";"0,00";"0,000";"17";"20.724,36";"242,862"
"09-08-2020";"AMGEN, Danmark";"Vectibix";"Vectibix";"Vectibix Konc.t.inf.væsk.opl. 20 mg/ml 20 ml AMGEN, Danmark 112725";"0";"0,00";"0,000";"15";"171.635,10";"0,000"
"09-08-2020";"AMGEN, Danmark";"Vectibix";"Vectibix";"Vectibix Konc.t.inf.væsk.opl. 20 mg/ml 5 ml AMGEN, Danmark 483104";"0";"0,00";"0,000";"20";"57.210,80";"0,000"
"09-08-2020";"Otezla";"Otezla";"Otezla";"Otezla Filmovertrukne tabl. 30 mg 56 stk. (blister) AMGEN, Danmark 139604";"0";"0,00";"0,000";"6";"31.973,04";"168,000"
"09-08-2020";"AMGEN, Danmark";"Nplate";"Nplate";"Nplate Pulv.t.inj.væske,opl 250 mikrogram 1 htgl. AMGEN, Danmark 027807";"0";"0,00";"0,000";"4";"14.302,72";"33,332"
"08-08-2020";"AMGEN, Danmark";"Xgeva";"Xgeva";"Xgeva Inj.væske, opløsning 120 mg 1 stk. (1,7 ml) AMGEN, Danmark 537305";"0";"0,00";"0,000";"116";"243.818,08";"42.181,776"
"08-08-2020";"Otezla";"Otezla";"Otezla";"Otezla Filmovertrukne tabl. 10+20+30 mg 4 + 4 + 19 stk. (blister) AMGEN, Danmark 477099";"0";"0,00";"0,000";"0";"0,00";"0,000"
"08-08-2020";"AMGEN, Danmark";"Nplate";"Nplate";"Nplate Pulv.t.inj.væske,opl 500 mikrogram 1 htgl. AMGEN, Danmark 027818";"0";"0,00";"0,000";"4";"28.605,32";"66,668"
"08-08-2020";"AMGEN, Danmark";"Otezla";"Otezla";"Otezla Filmovertrukne tabl. 30 mg 56 stk. (blister) AMGEN, Danmark 139604";"0";"0,00";"0,000";"6";"31.973,04";"168,000"
"08-08-2020";"AMGEN, Danmark";"Otezla";"Otezla";"Otezla Filmovertrukne tabl. 10+20+30 mg 4 + 4 + 19 stk. (blister) AMGEN, Danmark 477099";"0";"0,00";"0,000";"0";"0,00";"0,000"
"08-08-2020";"AMGEN, Danmark";"Prolia";"Prolia";"Prolia Inj.væske, opløsning 60 mg/ml 1 stk. (Paranova) Paranova A/S 047403";"0";"0,00";"0,000";"0";"0,00";"0,000"
"08-08-2020";"AMGEN, Danmark";"Prolia";"Prolia";"Prolia Inj.væske, opløsning 60 mg/ml 1 stk. AMGEN, Danmark 085792";"0";"0,00";"0,000";"0";"0,00";"0,000"
"08-08-2020";"AMGEN, Danmark";"Prolia";"Prolia";"Prolia Inj.væske, opløsning 60 mg/ml 1 stk. (2care4) 2care4 419605";"0";"0,00";"0,000";"0";"0,00";"0,000"
"08-08-2020";"AMGEN, Danmark";"Prolia";"Prolia";"Prolia Inj.væske, opløsning 60 mg/ml 1 stk. (Orifarm) Orifarm A/S 434534";"0";"0,00";"0,000";"152";"266.548,72";"27.636,336"
"08-08-2020";"AMGEN, Danmark";"Prolia";"Prolia";"Prolia Inj.væske, opløsning 60 mg/ml 1 stk. (Abacus) Abacus 464168";"0";"0,00";"0,000";"0";"0,00";"0,000"
"08-08-2020";"AMGEN, Danmark";"Aranesp";"Aranesp";"Aranesp Inj.vsk,opl.,sprøjte 10 mikrogram 4 x 0,4 ml AMGEN, Danmark 003195";"0";"0,00";"0,000";"5";"3.119,05";"44,445"
"08-08-2020";"AMGEN, Danmark";"Aranesp";"Aranesp";"Aranesp inj.væske, opl., pen 500 mikrogram 1,0 ml AMGEN, Danmark 023480";"0";"0,00";"0,000";"0";"0,00";"0,000"
"08-08-2020";"AMGEN, Danmark";"Aranesp";"Aranesp";"Aranesp Inj.vsk,opl.,sprøjte 20 mikrogram 4x0,5ml(m.saf.dev.) AMGEN, Danmark 057126";"0";"0,00";"0,000";"81";"101.062,08";"1.440,018"
"08-08-2020";"AMGEN, Danmark";"Aranesp";"Aranesp";"Aranesp Inj.vsk,opl.,sprøjte 30 mikrogram 4x0,3ml(m.saf.dev.) AMGEN, Danmark 057148";"0";"0,00";"0,000";"169";"316.278,43";"4.506,723"
"08-08-2020";"AMGEN, Danmark";"Aranesp";"Aranesp";"Aranesp Inj.vsk,opl.,sprøjte 40 mikrogram 4x0,4 ml(m.saf.dev.) AMGEN, Danmark 057171";"0";"0,00";"0,000";"163";"406.743,68";"5.795,628"
"08-08-2020";"AMGEN, Danmark";"Aranesp";"Aranesp";"Aranesp Inj.vsk,opl.,sprøjte 50 mikrogram 4x0,5ml(m.saf.dev.) AMGEN, Danmark 057194";"0";"0,00";"0,000";"39";"121.646,85";"1.733,316"
"08-08-2020";"AMGEN, Danmark";"Aranesp";"Aranesp";"Aranesp Inj.vsk,opl.,sprøjte 60 mikrogram 4x0,3 ml(m.saf.dev.) AMGEN, Danmark 057217";"0";"0,00";"0,000";"10";"37.430,20";"533,330"
"08-08-2020";"AMGEN, Danmark";"Aranesp";"Aranesp";"Aranesp Inj.vsk,opl.,sprøjte 80 mikrogram 4 x 0,4 ml AMGEN, Danmark 057239";"0";"0,00";"0,000";"18";"89.832,24";"1.279,998"
"08-08-2020";"AMGEN, Danmark";"Aranesp";"Aranesp";"Aranesp Inj.vsk,opl.,sprøjte 100 mikrogram 4 x 0,5 ml AMGEN, Danmark 057262";"0";"0,00";"0,000";"31";"193.389,16";"2.755,559"
"08-08-2020";"AMGEN, Danmark";"Aranesp";"Aranesp";"Aranesp Inj.vsk,opl.,sprøjte 130 mikrogram 4x0,65ml(m.saf.dev.) AMGEN, Danmark 057285";"0";"0,00";"0,000";"1";"8.109,88";"115,556"
"08-08-2020";"AMGEN, Danmark";"Aranesp";"Aranesp";"Aranesp Inj.vsk,opl.,sprøjte 150 mikrogram 4 x 0,3 ml AMGEN, Danmark 057308";"0";"0,00";"0,000";"44";"411.733,08";"5.866,652"
"08-08-2020";"AMGEN, Danmark";"Aranesp";"Aranesp";"Aranesp Inj.vsk,opl.,sprøjte 300 mikrogram 1x0,6 ml(m.saf.dev.) AMGEN, Danmark 057319";"0";"0,00";"0,000";"65";"304.119,40";"4.333,355"
"08-08-2020";"AMGEN, Danmark";"Aranesp";"Aranesp";"Aranesp Inj.vsk,opl.,sprøjte 500 mikrogram 1ml(m.saf.dev.) AMGEN, Danmark 057341";"0";"0,00";"0,000";"76";"592.642,68";"8.444,436"
"08-08-2020";"AMGEN, Danmark";"Aranesp";"Aranesp";"Aranesp inj.væske, opl., pen 150 mikrogram 0,3 ml AMGEN, Danmark 091919";"0";"0,00";"0,000";"110";"257.330,70";"3.666,630"
"08-08-2020";"AMGEN, Danmark";"Aranesp";"Aranesp";"Aranesp inj.væske, opl., pen 500 mikrogram 1,0 ml AMGEN, Danmark 136635";"0";"0,00";"0,000";"0";"0,00";"0,000"
"08-08-2020";"AMGEN, Danmark";"Aranesp";"Aranesp";"Aranesp inj.væske, opl., pen 300 mikrogram 0,6 ml AMGEN, Danmark 155908";"0";"0,00";"0,000";"180";"842.176,80";"12.000,060"
"08-08-2020";"AMGEN, Danmark";"Mimpara";"Mimpara";"Mimpara Filmovertrukne tabl. 60 mg 28 stk. (2 x 14) (blister) AMGEN, Danmark 016791";"0";"0,00";"0,000";"10";"25.281,30";"280,000"
"08-08-2020";"AMGEN, Danmark";"Mimpara";"Mimpara";"Mimpara Filmovertrukne tabl. 90 mg 28 stk. (2 x 14) (blister) AMGEN, Danmark 016802";"0";"0,00";"0,000";"2";"7.584,38";"84,000"
"08-08-2020";"AMGEN, Danmark";"Mimpara";"Mimpara";"Mimpara Filmovertrukne tabl. 30 mg 28 stk. (2 x 14) (blister) AMGEN, Danmark 016868";"0";"0,00";"0,000";"150";"205.410,00";"2.100,000"
"08-08-2020";"AMGEN, Danmark";"Mimpara";"Mimpara";"Mimpara Filmovertrukne tabl. 30 mg 28 stk. (blister)(Orifarm) Orifarm A/S 189463";"0";"0,00";"0,000";"0";"0,00";"0,000"
"08-08-2020";"AMGEN, Danmark";"Mimpara";"Mimpara";"Mimpara Filmovertrukne tabl. 90 mg 28 stk. (blister)(Orifarm) Orifarm A/S 192763";"0";"0,00";"0,000";"0";"0,00";"0,000"
"08-08-2020";"AMGEN, Danmark";"Mimpara";"Mimpara";"Mimpara Filmovertrukne tabl. 60 mg 28 stk. (blister)(Orifarm) Orifarm A/S 591333";"0";"0,00";"0,000";"0";"0,00";"0,000"
"08-08-2020";"AMGEN, Danmark";"Repatha";"Repatha";"Repatha inj.væske, opl., pen 140 mg 6 stk. AMGEN, Danmark 553814";"0";"0,00";"0,000";"11";"106.549,52";"66,000"
"08-08-2020";"AMGEN, Danmark";"Repatha";"Repatha";"Repatha inj.væske, opl., pen 140 mg 2 stk. AMGEN, Danmark 582043";"0";"0,00";"0,000";"0";"0,00";"0,000"
"08-08-2020";"AMGEN, Danmark";"AMGEVITA";"AMGEVITA";"AMGEVITA inj.væske, opl., pen 40 mg 2 stk. AMGEN, Danmark 155045";"0";"0,00";"0,000";"93";"455.055,51";"2.565,498"
"08-08-2020";"AMGEN, Danmark";"AMGEVITA";"AMGEVITA";"AMGEVITA Inj.vsk,opl.,sprøjte 40 mg 2 stk. AMGEN, Danmark 169691";"0";"0,00";"0,000";"13";"63.609,91";"358,618"
"08-08-2020";"AMGEN, Danmark";"AMGEVITA";"AMGEVITA";"AMGEVITA inj.væske, opl., pen 40 mg 2 stk. AMGEN, Danmark 472938";"0";"0,00";"0,000";"0";"0,00";"0,000"
"08-08-2020";"AMGEN, Danmark";"AMGEVITA";"AMGEVITA";"AMGEVITA Inj.vsk,opl.,sprøjte 20 mg 1 stk. AMGEN, Danmark 493438";"0";"0,00";"0,000";"0";"0,00";"0,000"
"08-08-2020";"AMGEN, Danmark";"Blincyto";"Blincyto";"Blincyto pul.t.kon+op.t.inf.o 38,5 mikrogram 1 sæt AMGEN, Danmark 177099";"0";"0,00";"0,000";"0";"0,00";"0,000"
"08-08-2020";"AMGEN, Danmark";"Kyprolis";"Kyprolis";"Kyprolis Pulv.t.inf.væske,opl 30 mg 1 stk. AMGEN, Danmark 090435";"0";"0,00";"0,000";"6";"25.970,64";"6,000"
"08-08-2020";"AMGEN, Danmark";"Kyprolis";"Kyprolis";"Kyprolis Pulv.t.inf.væske,opl 60 mg 1 stk. AMGEN, Danmark 534401";"0";"0,00";"0,000";"29";"251.049,81";"29,000"
"08-08-2020";"AMGEN, Danmark";"Kyprolis";"Kyprolis";"Kyprolis Pulv.t.inf.væske,opl 10 mg 1 stk. AMGEN, Danmark 542915";"0";"0,00";"0,000";"4";"5.771,24";"4,000"
"08-08-2020";"AMGEN, Danmark";"Neulasta";"Neulasta";"Neulasta Inj.vsk,opl.,sprøjte 6 mg 0,6 ml AMGEN, Danmark 056936";"0";"0,00";"0,000";"0";"0,00";"0,000"
"08-08-2020";"AMGEN, Danmark";"Neupogen";"Neupogen";"Neupogen Inj.væske, opløsning 0,3 mg/ml 5 htgl. a 1 ml AMGEN, Danmark 167130";"0";"0,00";"0,000";"5";"13.813,60";"21,430"
"08-08-2020";"AMGEN, Danmark";"Neupogen";"Neupogen Novum";"Neupogen Novum Inj.vsk,opl.,sprøjte 0,6 mg/ml 5 x 0,5 ml AMGEN, Danmark 004345";"0";"0,00";"0,000";"0";"0,00";"0,000"
"08-08-2020";"AMGEN, Danmark";"Neupogen";"Neupogen Novum";"Neupogen Novum Inj.vsk,opl.,sprøjte 0,96 mg/ml 5 x 0,5 ml AMGEN, Danmark 004367";"0";"0,00";"0,000";"0";"0,00";"0,000"
"08-08-2020";"AMGEN, Danmark";"Parsabiv";"Parsabiv";"Parsabiv Inj.væske, opløsning 10 mg 6 stk. AMGEN, Danmark 414174";"0";"0,00";"0,000";"0";"0,00";"0,000"
"08-08-2020";"AMGEN, Danmark";"Parsabiv";"Parsabiv";"Parsabiv Inj.væske, opløsning 2,5 mg 6 stk. AMGEN, Danmark 435162";"0";"0,00";"0,000";"3";"1.828,56";"21,429"
"08-08-2020";"AMGEN, Danmark";"Parsabiv";"Parsabiv";"Parsabiv Inj.væske, opløsning 5 mg 6 stk. AMGEN, Danmark 491810";"0";"0,00";"0,000";"17";"20.724,36";"242,862"
"08-08-2020";"AMGEN, Danmark";"Vectibix";"Vectibix";"Vectibix Konc.t.inf.væsk.opl. 20 mg/ml 20 ml AMGEN, Danmark 112725";"0";"0,00";"0,000";"15";"171.635,10";"0,000"
"08-08-2020";"AMGEN, Danmark";"Vectibix";"Vectibix";"Vectibix Konc.t.inf.væsk.opl. 20 mg/ml 5 ml AMGEN, Danmark 483104";"0";"0,00";"0,000";"20";"57.210,80";"0,000"
"08-08-2020";"Otezla";"Otezla";"Otezla";"Otezla Filmovertrukne tabl. 30 mg 56 stk. (blister) AMGEN, Danmark 139604";"0";"0,00";"0,000";"6";"31.973,04";"168,000"
"08-08-2020";"AMGEN, Danmark";"Nplate";"Nplate";"Nplate Pulv.t.inj.væske,opl 250 mikrogram 1 htgl. AMGEN, Danmark 027807";"0";"0,00";"0,000";"4";"14.302,72";"33,332"
"07-08-2020";"AMGEN, Danmark";"Xgeva";"Xgeva";"Xgeva Inj.væske, opløsning 120 mg 1 stk. (1,7 ml) AMGEN, Danmark 537305";"86";"180.761,68";"31.272,696";"116";"243.818,08";"42.181,776"
"07-08-2020";"Otezla";"Otezla";"Otezla";"Otezla Filmovertrukne tabl. 10+20+30 mg 4 + 4 + 19 stk. (blister) AMGEN, Danmark 477099";"0";"0,00";"0,000";"0";"0,00";"0,000"
"07-08-2020";"AMGEN, Danmark";"Nplate";"Nplate";"Nplate Pulv.t.inj.væske,opl 500 mikrogram 1 htgl. AMGEN, Danmark 027818";"0";"0,00";"0,000";"4";"28.605,32";"66,668"
"07-08-2020";"AMGEN, Danmark";"Otezla";"Otezla";"Otezla Filmovertrukne tabl. 30 mg 56 stk. (blister) AMGEN, Danmark 139604";"3";"15.986,52";"84,000";"6";"31.973,04";"168,000"
"07-08-2020";"AMGEN, Danmark";"Otezla";"Otezla";"Otezla Filmovertrukne tabl. 10+20+30 mg 4 + 4 + 19 stk. (blister) AMGEN, Danmark 477099";"0";"0,00";"0,000";"0";"0,00";"0,000"
"07-08-2020";"AMGEN, Danmark";"Prolia";"Prolia";"Prolia Inj.væske, opløsning 60 mg/ml 1 stk. (Paranova) Paranova A/S 047403";"0";"0,00";"0,000";"0";"0,00";"0,000"
"07-08-2020";"AMGEN, Danmark";"Prolia";"Prolia";"Prolia Inj.væske, opløsning 60 mg/ml 1 stk. AMGEN, Danmark 085792";"0";"0,00";"0,000";"0";"0,00";"0,000"
"07-08-2020";"AMGEN, Danmark";"Prolia";"Prolia";"Prolia Inj.væske, opløsning 60 mg/ml 1 stk. (2care4) 2care4 419605";"0";"0,00";"0,000";"0";"0,00";"0,000"
"07-08-2020";"AMGEN, Danmark";"Prolia";"Prolia";"Prolia Inj.væske, opløsning 60 mg/ml 1 stk. (Orifarm) Orifarm A/S 434534";"106";"185.882,66";"19.272,708";"152";"266.548,72";"27.636,336"
"07-08-2020";"AMGEN, Danmark";"Prolia";"Prolia";"Prolia Inj.væske, opløsning 60 mg/ml 1 stk. (Abacus) Abacus 464168";"0";"0,00";"0,000";"0";"0,00";"0,000"
"07-08-2020";"AMGEN, Danmark";"Aranesp";"Aranesp";"Aranesp Inj.vsk,opl.,sprøjte 10 mikrogram 4 x 0,4 ml AMGEN, Danmark 003195";"0";"0,00";"0,000";"5";"3.119,05";"44,445"
"07-08-2020";"AMGEN, Danmark";"Aranesp";"Aranesp";"Aranesp inj.væske, opl., pen 500 mikrogram 1,0 ml AMGEN, Danmark 023480";"0";"0,00";"0,000";"0";"0,00";"0,000"
"07-08-2020";"AMGEN, Danmark";"Aranesp";"Aranesp";"Aranesp Inj.vsk,opl.,sprøjte 20 mikrogram 4x0,5ml(m.saf.dev.) AMGEN, Danmark 057126";"36";"44.916,48";"640,008";"81";"101.062,08";"1.440,018"
"07-08-2020";"AMGEN, Danmark";"Aranesp";"Aranesp";"Aranesp Inj.vsk,opl.,sprøjte 30 mikrogram 4x0,3ml(m.saf.dev.) AMGEN, Danmark 057148";"50";"93.573,50";"1.333,350";"169";"316.278,43";"4.506,723"
"07-08-2020";"AMGEN, Danmark";"Aranesp";"Aranesp";"Aranesp Inj.vsk,opl.,sprøjte 40 mikrogram 4x0,4 ml(m.saf.dev.) AMGEN, Danmark 057171";"128";"319.406,08";"4.551,168";"163";"406.743,68";"5.795,628"
"07-08-2020";"AMGEN, Danmark";"Aranesp";"Aranesp";"Aranesp Inj.vsk,opl.,sprøjte 50 mikrogram 4x0,5ml(m.saf.dev.) AMGEN, Danmark 057194";"25";"77.978,75";"1.111,100";"39";"121.646,85";"1.733,316"
"07-08-2020";"AMGEN, Danmark";"Aranesp";"Aranesp";"Aranesp Inj.vsk,opl.,sprøjte 60 mikrogram 4x0,3 ml(m.saf.dev.) AMGEN, Danmark 057217";"10";"37.430,20";"533,330";"10";"37.430,20";"533,330"
"07-08-2020";"AMGEN, Danmark";"Aranesp";"Aranesp";"Aranesp Inj.vsk,opl.,sprøjte 80 mikrogram 4 x 0,4 ml AMGEN, Danmark 057239";"15";"74.860,20";"1.066,665";"18";"89.832,24";"1.279,998"
"07-08-2020";"AMGEN, Danmark";"Aranesp";"Aranesp";"Aranesp Inj.vsk,opl.,sprøjte 100 mikrogram 4 x 0,5 ml AMGEN, Danmark 057262";"5";"31.191,80";"444,445";"31";"193.389,16";"2.755,559"
"07-08-2020";"AMGEN, Danmark";"Aranesp";"Aranesp";"Aranesp Inj.vsk,opl.,sprøjte 130 mikrogram 4x0,65ml(m.saf.dev.) AMGEN, Danmark 057285";"0";"0,00";"0,000";"1";"8.109,88";"115,556"
"07-08-2020";"AMGEN, Danmark";"Aranesp";"Aranesp";"Aranesp Inj.vsk,opl.,sprøjte 150 mikrogram 4 x 0,3 ml AMGEN, Danmark 057308";"24";"224.581,68";"3.199,992";"44";"411.733,08";"5.866,652"
"07-08-2020";"AMGEN, Danmark";"Aranesp";"Aranesp";"Aranesp Inj.vsk,opl.,sprøjte 300 mikrogram 1x0,6 ml(m.saf.dev.) AMGEN, Danmark 057319";"55";"257.331,80";"3.666,685";"65";"304.119,40";"4.333,355"
"07-08-2020";"AMGEN, Danmark";"Aranesp";"Aranesp";"Aranesp Inj.vsk,opl.,sprøjte 500 mikrogram 1ml(m.saf.dev.) AMGEN, Danmark 057341";"3";"23.393,79";"333,333";"76";"592.642,68";"8.444,436"
"07-08-2020";"AMGEN, Danmark";"Aranesp";"Aranesp";"Aranesp inj.væske, opl., pen 150 mikrogram 0,3 ml AMGEN, Danmark 091919";"60";"140.362,20";"1.999,980";"110";"257.330,70";"3.666,630"
"07-08-2020";"AMGEN, Danmark";"Aranesp";"Aranesp";"Aranesp inj.væske, opl., pen 500 mikrogram 1,0 ml AMGEN, Danmark 136635";"0";"0,00";"0,000";"0";"0,00";"0,000"
"07-08-2020";"AMGEN, Danmark";"Aranesp";"Aranesp";"Aranesp inj.væske, opl., pen 300 mikrogram 0,6 ml AMGEN, Danmark 155908";"20";"93.575,20";"1.333,340";"180";"842.176,80";"12.000,060"
"07-08-2020";"AMGEN, Danmark";"Mimpara";"Mimpara";"Mimpara Filmovertrukne tabl. 60 mg 28 stk. (2 x 14) (blister) AMGEN, Danmark 016791";"0";"0,00";"0,000";"10";"25.281,30";"280,000"
"07-08-2020";"AMGEN, Danmark";"Mimpara";"Mimpara";"Mimpara Filmovertrukne tabl. 90 mg 28 stk. (2 x 14) (blister) AMGEN, Danmark 016802";"2";"7.584,38";"84,000";"2";"7.584,38";"84,000"
"07-08-2020";"AMGEN, Danmark";"Mimpara";"Mimpara";"Mimpara Filmovertrukne tabl. 30 mg 28 stk. (2 x 14) (blister) AMGEN, Danmark 016868";"30";"41.082,00";"420,000";"150";"205.410,00";"2.100,000"
"07-08-2020";"AMGEN, Danmark";"Mimpara";"Mimpara";"Mimpara Filmovertrukne tabl. 30 mg 28 stk. (blister)(Orifarm) Orifarm A/S 189463";"0";"0,00";"0,000";"0";"0,00";"0,000"
"07-08-2020";"AMGEN, Danmark";"Mimpara";"Mimpara";"Mimpara Filmovertrukne tabl. 90 mg 28 stk. (blister)(Orifarm) Orifarm A/S 192763";"0";"0,00";"0,000";"0";"0,00";"0,000"
"07-08-2020";"AMGEN, Danmark";"Mimpara";"Mimpara";"Mimpara Filmovertrukne tabl. 60 mg 28 stk. (blister)(Orifarm) Orifarm A/S 591333";"0";"0,00";"0,000";"0";"0,00";"0,000"
"07-08-2020";"AMGEN, Danmark";"Repatha";"Repatha";"Repatha inj.væske, opl., pen 140 mg 6 stk. AMGEN, Danmark 553814";"5";"48.431,60";"30,000";"11";"106.549,52";"66,000"
"07-08-2020";"AMGEN, Danmark";"Repatha";"Repatha";"Repatha inj.væske, opl., pen 140 mg 2 stk. AMGEN, Danmark 582043";"0";"0,00";"0,000";"0";"0,00";"0,000"
"07-08-2020";"AMGEN, Danmark";"AMGEVITA";"AMGEVITA";"AMGEVITA inj.væske, opl., pen 40 mg 2 stk. AMGEN, Danmark 155045";"0";"0,00";"0,000";"93";"455.055,51";"2.565,498"
"07-08-2020";"AMGEN, Danmark";"AMGEVITA";"AMGEVITA";"AMGEVITA Inj.vsk,opl.,sprøjte 40 mg 2 stk. AMGEN, Danmark 169691";"3";"14.679,21";"82,758";"13";"63.609,91";"358,618"
"07-08-2020";"AMGEN, Danmark";"AMGEVITA";"AMGEVITA";"AMGEVITA inj.væske, opl., pen 40 mg 2 stk. AMGEN, Danmark 472938";"0";"0,00";"0,000";"0";"0,00";"0,000"
"07-08-2020";"AMGEN, Danmark";"AMGEVITA";"AMGEVITA";"AMGEVITA Inj.vsk,opl.,sprøjte 20 mg 1 stk. AMGEN, Danmark 493438";"0";"0,00";"0,000";"0";"0,00";"0,000"
"07-08-2020";"AMGEN, Danmark";"Blincyto";"Blincyto";"Blincyto pul.t.kon+op.t.inf.o 38,5 mikrogram 1 sæt AMGEN, Danmark 177099";"0";"0,00";"0,000";"0";"0,00";"0,000"
"07-08-2020";"AMGEN, Danmark";"Kyprolis";"Kyprolis";"Kyprolis Pulv.t.inf.væske,opl 30 mg 1 stk. AMGEN, Danmark 090435";"0";"0,00";"0,000";"6";"25.970,64";"6,000"
"07-08-2020";"AMGEN, Danmark";"Kyprolis";"Kyprolis";"Kyprolis Pulv.t.inf.væske,opl 60 mg 1 stk. AMGEN, Danmark 534401";"10";"86.568,90";"10,000";"29";"251.049,81";"29,000"
"07-08-2020";"AMGEN, Danmark";"Kyprolis";"Kyprolis";"Kyprolis Pulv.t.inf.væske,opl 10 mg 1 stk. AMGEN, Danmark 542915";"0";"0,00";"0,000";"4";"5.771,24";"4,000"
"07-08-2020";"AMGEN, Danmark";"Neulasta";"Neulasta";"Neulasta Inj.vsk,opl.,sprøjte 6 mg 0,6 ml AMGEN, Danmark 056936";"0";"0,00";"0,000";"0";"0,00";"0,000"
"07-08-2020";"AMGEN, Danmark";"Neupogen";"Neupogen";"Neupogen Inj.væske, opløsning 0,3 mg/ml 5 htgl. a 1 ml AMGEN, Danmark 167130";"5";"13.813,60";"21,430";"5";"13.813,60";"21,430"
"07-08-2020";"AMGEN, Danmark";"Neupogen";"Neupogen Novum";"Neupogen Novum Inj.vsk,opl.,sprøjte 0,6 mg/ml 5 x 0,5 ml AMGEN, Danmark 004345";"0";"0,00";"0,000";"0";"0,00";"0,000"
"07-08-2020";"AMGEN, Danmark";"Neupogen";"Neupogen Novum";"Neupogen Novum Inj.vsk,opl.,sprøjte 0,96 mg/ml 5 x 0,5 ml AMGEN, Danmark 004367";"0";"0,00";"0,000";"0";"0,00";"0,000"
"07-08-2020";"AMGEN, Danmark";"Parsabiv";"Parsabiv";"Parsabiv Inj.væske, opløsning 10 mg 6 stk. AMGEN, Danmark 414174";"0";"0,00";"0,000";"0";"0,00";"0,000"
"07-08-2020";"AMGEN, Danmark";"Parsabiv";"Parsabiv";"Parsabiv Inj.væske, opløsning 2,5 mg 6 stk. AMGEN, Danmark 435162";"2";"1.219,04";"14,286";"3";"1.828,56";"21,429"
"07-08-2020";"AMGEN, Danmark";"Parsabiv";"Parsabiv";"Parsabiv Inj.væske, opløsning 5 mg 6 stk. AMGEN, Danmark 491810";"0";"0,00";"0,000";"17";"20.724,36";"242,862"
"07-08-2020";"AMGEN, Danmark";"Vectibix";"Vectibix";"Vectibix Konc.t.inf.væsk.opl. 20 mg/ml 20 ml AMGEN, Danmark 112725";"0";"0,00";"0,000";"15";"171.635,10";"0,000"
"07-08-2020";"AMGEN, Danmark";"Vectibix";"Vectibix";"Vectibix Konc.t.inf.væsk.opl. 20 mg/ml 5 ml AMGEN, Danmark 483104";"0";"0,00";"0,000";"20";"57.210,80";"0,000"
"07-08-2020";"Otezla";"Otezla";"Otezla";"Otezla Filmovertrukne tabl. 30 mg 56 stk. (blister) AMGEN, Danmark 139604";"3";"15.986,52";"84,000";"6";"31.973,04";"168,000"
"07-08-2020";"AMGEN, Danmark";"Nplate";"Nplate";"Nplate Pulv.t.inj.væske,opl 250 mikrogram 1 htgl. AMGEN, Danmark 027807";"0";"0,00";"0,000";"4";"14.302,72";"33,332"
"06-08-2020";"AMGEN, Danmark";"Xgeva";"Xgeva";"Xgeva Inj.væske, opløsning 120 mg 1 stk. (1,7 ml) AMGEN, Danmark 537305";"0";"0,00";"0,000";"30";"63.056,40";"10.909,080"
"06-08-2020";"AMGEN, Danmark";"Nplate";"Nplate";"Nplate Pulv.t.inj.væske,opl 250 mikrogram 1 htgl. AMGEN, Danmark 027807";"0";"0,00";"0,000";"4";"14.302,72";"33,332"
"06-08-2020";"AMGEN, Danmark";"Nplate";"Nplate";"Nplate Pulv.t.inj.væske,opl 500 mikrogram 1 htgl. AMGEN, Danmark 027818";"0";"0,00";"0,000";"4";"28.605,32";"66,668"
"06-08-2020";"AMGEN, Danmark";"Otezla";"Otezla";"Otezla Filmovertrukne tabl. 30 mg 56 stk. (blister) AMGEN, Danmark 139604";"0";"0,00";"0,000";"3";"15.986,52";"84,000"
"06-08-2020";"AMGEN, Danmark";"Otezla";"Otezla";"Otezla Filmovertrukne tabl. 10+20+30 mg 4 + 4 + 19 stk. (blister) AMGEN, Danmark 477099";"0";"0,00";"0,000";"0";"0,00";"0,000"
"06-08-2020";"AMGEN, Danmark";"Prolia";"Prolia";"Prolia Inj.væske, opløsning 60 mg/ml 1 stk. (Paranova) Paranova A/S 047403";"0";"0,00";"0,000";"0";"0,00";"0,000"
"06-08-2020";"AMGEN, Danmark";"Prolia";"Prolia";"Prolia Inj.væske, opløsning 60 mg/ml 1 stk. AMGEN, Danmark 085792";"0";"0,00";"0,000";"0";"0,00";"0,000"
"06-08-2020";"AMGEN, Danmark";"Prolia";"Prolia";"Prolia Inj.væske, opløsning 60 mg/ml 1 stk. (2care4) 2care4 419605";"0";"0,00";"0,000";"0";"0,00";"0,000"
"06-08-2020";"AMGEN, Danmark";"Prolia";"Prolia";"Prolia Inj.væske, opløsning 60 mg/ml 1 stk. (Orifarm) Orifarm A/S 434534";"20";"35.072,20";"3.636,360";"46";"80.666,06";"8.363,628"
"06-08-2020";"AMGEN, Danmark";"Prolia";"Prolia";"Prolia Inj.væske, opløsning 60 mg/ml 1 stk. (Abacus) Abacus 464168";"0";"0,00";"0,000";"0";"0,00";"0,000"
"06-08-2020";"AMGEN, Danmark";"Aranesp";"Aranesp";"Aranesp Inj.vsk,opl.,sprøjte 10 mikrogram 4 x 0,4 ml AMGEN, Danmark 003195";"5";"3.119,05";"44,445";"5";"3.119,05";"44,445"
"06-08-2020";"AMGEN, Danmark";"Aranesp";"Aranesp";"Aranesp inj.væske, opl., pen 500 mikrogram 1,0 ml AMGEN, Danmark 023480";"0";"0,00";"0,000";"0";"0,00";"0,000"
"06-08-2020";"AMGEN, Danmark";"Aranesp";"Aranesp";"Aranesp Inj.vsk,opl.,sprøjte 20 mikrogram 4x0,5ml(m.saf.dev.) AMGEN, Danmark 057126";"0";"0,00";"0,000";"45";"56.145,60";"800,010"
"06-08-2020";"AMGEN, Danmark";"Aranesp";"Aranesp";"Aranesp Inj.vsk,opl.,sprøjte 30 mikrogram 4x0,3ml(m.saf.dev.) AMGEN, Danmark 057148";"10";"18.714,70";"266,670";"119";"222.704,93";"3.173,373"
"06-08-2020";"AMGEN, Danmark";"Aranesp";"Aranesp";"Aranesp Inj.vsk,opl.,sprøjte 40 mikrogram 4x0,4 ml(m.saf.dev.) AMGEN, Danmark 057171";"0";"0,00";"0,000";"35";"87.337,60";"1.244,460"
"06-08-2020";"AMGEN, Danmark";"Aranesp";"Aranesp";"Aranesp Inj.vsk,opl.,sprøjte 50 mikrogram 4x0,5ml(m.saf.dev.) AMGEN, Danmark 057194";"0";"0,00";"0,000";"14";"43.668,10";"622,216"
"06-08-2020";"AMGEN, Danmark";"Aranesp";"Aranesp";"Aranesp Inj.vsk,opl.,sprøjte 60 mikrogram 4x0,3 ml(m.saf.dev.) AMGEN, Danmark 057217";"0";"0,00";"0,000";"0";"0,00";"0,000"
"06-08-2020";"AMGEN, Danmark";"Aranesp";"Aranesp";"Aranesp Inj.vsk,opl.,sprøjte 80 mikrogram 4 x 0,4 ml AMGEN, Danmark 057239";"0";"0,00";"0,000";"3";"14.972,04";"213,333"
"06-08-2020";"AMGEN, Danmark";"Aranesp";"Aranesp";"Aranesp Inj.vsk,opl.,sprøjte 100 mikrogram 4 x 0,5 ml AMGEN, Danmark 057262";"0";"0,00";"0,000";"26";"162.197,36";"2.311,114"
"06-08-2020";"AMGEN, Danmark";"Aranesp";"Aranesp";"Aranesp Inj.vsk,opl.,sprøjte 130 mikrogram 4x0,65ml(m.saf.dev.) AMGEN, Danmark 057285";"0";"0,00";"0,000";"1";"8.109,88";"115,556"
"06-08-2020";"AMGEN, Danmark";"Aranesp";"Aranesp";"Aranesp Inj.vsk,opl.,sprøjte 150 mikrogram 4 x 0,3 ml AMGEN, Danmark 057308";"20";"187.151,40";"2.666,660";"20";"187.151,40";"2.666,660"
"06-08-2020";"AMGEN, Danmark";"Aranesp";"Aranesp";"Aranesp Inj.vsk,opl.,sprøjte 300 mikrogram 1x0,6 ml(m.saf.dev.) AMGEN, Danmark 057319";"10";"46.787,60";"666,670";"10";"46.787,60";"666,670"
"06-08-2020";"AMGEN, Danmark";"Aranesp";"Aranesp";"Aranesp Inj.vsk,opl.,sprøjte 500 mikrogram 1ml(m.saf.dev.) AMGEN, Danmark 057341";"60";"467.875,80";"6.666,660";"73";"569.248,89";"8.111,103"
"06-08-2020";"AMGEN, Danmark";"Aranesp";"Aranesp";"Aranesp inj.væske, opl., pen 150 mikrogram 0,3 ml AMGEN, Danmark 091919";"0";"0,00";"0,000";"50";"116.968,50";"1.666,650"
"06-08-2020";"AMGEN, Danmark";"Aranesp";"Aranesp";"Aranesp inj.væske, opl., pen 500 mikrogram 1,0 ml AMGEN, Danmark 136635";"0";"0,00";"0,000";"0";"0,00";"0,000"
"06-08-2020";"AMGEN, Danmark";"Aranesp";"Aranesp";"Aranesp inj.væske, opl., pen 300 mikrogram 0,6 ml AMGEN, Danmark 155908";"10";"46.787,60";"666,670";"160";"748.601,60";"10.666,720"
"06-08-2020";"AMGEN, Danmark";"Mimpara";"Mimpara";"Mimpara Filmovertrukne tabl. 60 mg 28 stk. (2 x 14) (blister) AMGEN, Danmark 016791";"0";"0,00";"0,000";"10";"25.281,30";"280,000"
"06-08-2020";"AMGEN, Danmark";"Mimpara";"Mimpara";"Mimpara Filmovertrukne tabl. 90 mg 28 stk. (2 x 14) (blister) AMGEN, Danmark 016802";"0";"0,00";"0,000";"0";"0,00";"0,000"
"06-08-2020";"AMGEN, Danmark";"Mimpara";"Mimpara";"Mimpara Filmovertrukne tabl. 30 mg 28 stk. (2 x 14) (blister) AMGEN, Danmark 016868";"0";"0,00";"0,000";"120";"164.328,00";"1.680,000"
"06-08-2020";"AMGEN, Danmark";"Mimpara";"Mimpara";"Mimpara Filmovertrukne tabl. 30 mg 28 stk. (blister)(Orifarm) Orifarm A/S 189463";"0";"0,00";"0,000";"0";"0,00";"0,000"
"06-08-2020";"AMGEN, Danmark";"Mimpara";"Mimpara";"Mimpara Filmovertrukne tabl. 90 mg 28 stk. (blister)(Orifarm) Orifarm A/S 192763";"0";"0,00";"0,000";"0";"0,00";"0,000"
"06-08-2020";"AMGEN, Danmark";"Mimpara";"Mimpara";"Mimpara Filmovertrukne tabl. 60 mg 28 stk. (blister)(Orifarm) Orifarm A/S 591333";"0";"0,00";"0,000";"0";"0,00";"0,000"
"06-08-2020";"AMGEN, Danmark";"Repatha";"Repatha";"Repatha inj.væske, opl., pen 140 mg 6 stk. AMGEN, Danmark 553814";"0";"0,00";"0,000";"6";"58.117,92";"36,000"
"06-08-2020";"AMGEN, Danmark";"Repatha";"Repatha";"Repatha inj.væske, opl., pen 140 mg 2 stk. AMGEN, Danmark 582043";"0";"0,00";"0,000";"0";"0,00";"0,000"
"06-08-2020";"AMGEN, Danmark";"AMGEVITA";"AMGEVITA";"AMGEVITA inj.væske, opl., pen 40 mg 2 stk. AMGEN, Danmark 155045";"15";"73.396,05";"413,790";"93";"455.055,51";"2.565,498"
"06-08-2020";"AMGEN, Danmark";"AMGEVITA";"AMGEVITA";"AMGEVITA Inj.vsk,opl.,sprøjte 40 mg 2 stk. AMGEN, Danmark 169691";"0";"0,00";"0,000";"10";"48.930,70";"275,860"
"06-08-2020";"AMGEN, Danmark";"AMGEVITA";"AMGEVITA";"AMGEVITA inj.væske, opl., pen 40 mg 2 stk. AMGEN, Danmark 472938";"0";"0,00";"0,000";"0";"0,00";"0,000"
"06-08-2020";"AMGEN, Danmark";"AMGEVITA";"AMGEVITA";"AMGEVITA Inj.vsk,opl.,sprøjte 20 mg 1 stk. AMGEN, Danmark 493438";"0";"0,00";"0,000";"0";"0,00";"0,000"
"06-08-2020";"AMGEN, Danmark";"Blincyto";"Blincyto";"Blincyto pul.t.kon+op.t.inf.o 38,5 mikrogram 1 sæt AMGEN, Danmark 177099";"0";"0,00";"0,000";"0";"0,00";"0,000"
"06-08-2020";"AMGEN, Danmark";"Kyprolis";"Kyprolis";"Kyprolis Pulv.t.inf.væske,opl 30 mg 1 stk. AMGEN, Danmark 090435";"0";"0,00";"0,000";"6";"25.970,64";"6,000"
"06-08-2020";"AMGEN, Danmark";"Kyprolis";"Kyprolis";"Kyprolis Pulv.t.inf.væske,opl 60 mg 1 stk. AMGEN, Danmark 534401";"10";"86.568,90";"10,000";"19";"164.480,91";"19,000"
"06-08-2020";"AMGEN, Danmark";"Kyprolis";"Kyprolis";"Kyprolis Pulv.t.inf.væske,opl 10 mg 1 stk. AMGEN, Danmark 542915";"0";"0,00";"0,000";"4";"5.771,24";"4,000"
"06-08-2020";"AMGEN, Danmark";"Neulasta";"Neulasta";"Neulasta Inj.vsk,opl.,sprøjte 6 mg 0,6 ml AMGEN, Danmark 056936";"0";"0,00";"0,000";"0";"0,00";"0,000"
"06-08-2020";"AMGEN, Danmark";"Neupogen";"Neupogen";"Neupogen Inj.væske, opløsning 0,3 mg/ml 5 htgl. a 1 ml AMGEN, Danmark 167130";"0";"0,00";"0,000";"0";"0,00";"0,000"
"06-08-2020";"AMGEN, Danmark";"Neupogen";"Neupogen Novum";"Neupogen Novum Inj.vsk,opl.,sprøjte 0,6 mg/ml 5 x 0,5 ml AMGEN, Danmark 004345";"0";"0,00";"0,000";"0";"0,00";"0,000"
"06-08-2020";"AMGEN, Danmark";"Neupogen";"Neupogen Novum";"Neupogen Novum Inj.vsk,opl.,sprøjte 0,96 mg/ml 5 x 0,5 ml AMGEN, Danmark 004367";"0";"0,00";"0,000";"0";"0,00";"0,000"
"06-08-2020";"AMGEN, Danmark";"Parsabiv";"Parsabiv";"Parsabiv Inj.væske, opløsning 10 mg 6 stk. AMGEN, Danmark 414174";"0";"0,00";"0,000";"0";"0,00";"0,000"
"06-08-2020";"AMGEN, Danmark";"Parsabiv";"Parsabiv";"Parsabiv Inj.væske, opløsning 2,5 mg 6 stk. AMGEN, Danmark 435162";"0";"0,00";"0,000";"1";"609,52";"7,143"
"06-08-2020";"AMGEN, Danmark";"Parsabiv";"Parsabiv";"Parsabiv Inj.væske, opløsning 5 mg 6 stk. AMGEN, Danmark 491810";"0";"0,00";"0,000";"17";"20.724,36";"242,862"
"06-08-2020";"AMGEN, Danmark";"Vectibix";"Vectibix";"Vectibix Konc.t.inf.væsk.opl. 20 mg/ml 20 ml AMGEN, Danmark 112725";"15";"171.635,10";"0,000";"15";"171.635,10";"0,000"
"06-08-2020";"AMGEN, Danmark";"Vectibix";"Vectibix";"Vectibix Konc.t.inf.væsk.opl. 20 mg/ml 5 ml AMGEN, Danmark 483104";"10";"28.605,40";"0,000";"20";"57.210,80";"0,000"
"06-08-2020";"Otezla";"Otezla";"Otezla";"Otezla Filmovertrukne tabl. 30 mg 56 stk. (blister) AMGEN, Danmark 139604";"0";"0,00";"0,000";"3";"15.986,52";"84,000"
"06-08-2020";"Otezla";"Otezla";"Otezla";"Otezla Filmovertrukne tabl. 10+20+30 mg 4 + 4 + 19 stk. (blister) AMGEN, Danmark 477099";"0";"0,00";"0,000";"0";"0,00";"0,000"
"05-08-2020";"AMGEN, Danmark";"Xgeva";"Xgeva";"Xgeva Inj.væske, opløsning 120 mg 1 stk. (1,7 ml) AMGEN, Danmark 537305";"30";"63.056,40";"10.909,080";"30";"63.056,40";"10.909,080"
"05-08-2020";"Otezla";"Otezla";"Otezla";"Otezla Filmovertrukne tabl. 10+20+30 mg 4 + 4 + 19 stk. (blister) AMGEN, Danmark 477099";"0";"0,00";"0,000";"0";"0,00";"0,000"
"05-08-2020";"AMGEN, Danmark";"Nplate";"Nplate";"Nplate Pulv.t.inj.væske,opl 500 mikrogram 1 htgl. AMGEN, Danmark 027818";"4";"28.605,32";"66,668";"4";"28.605,32";"66,668"
"05-08-2020";"AMGEN, Danmark";"Otezla";"Otezla";"Otezla Filmovertrukne tabl. 30 mg 56 stk. (blister) AMGEN, Danmark 139604";"0";"0,00";"0,000";"3";"15.986,52";"84,000"
"05-08-2020";"AMGEN, Danmark";"Otezla";"Otezla";"Otezla Filmovertrukne tabl. 10+20+30 mg 4 + 4 + 19 stk. (blister) AMGEN, Danmark 477099";"0";"0,00";"0,000";"0";"0,00";"0,000"
"05-08-2020";"AMGEN, Danmark";"Prolia";"Prolia";"Prolia Inj.væske, opløsning 60 mg/ml 1 stk. (Paranova) Paranova A/S 047403";"0";"0,00";"0,000";"0";"0,00";"0,000"
"05-08-2020";"AMGEN, Danmark";"Prolia";"Prolia";"Prolia Inj.væske, opløsning 60 mg/ml 1 stk. AMGEN, Danmark 085792";"0";"0,00";"0,000";"0";"0,00";"0,000"
"05-08-2020";"AMGEN, Danmark";"Prolia";"Prolia";"Prolia Inj.væske, opløsning 60 mg/ml 1 stk. (2care4) 2care4 419605";"0";"0,00";"0,000";"0";"0,00";"0,000"
"05-08-2020";"AMGEN, Danmark";"Prolia";"Prolia";"Prolia Inj.væske, opløsning 60 mg/ml 1 stk. (Orifarm) Orifarm A/S 434534";"6";"10.521,66";"1.090,908";"26";"45.593,86";"4.727,268"
"05-08-2020";"AMGEN, Danmark";"Prolia";"Prolia";"Prolia Inj.væske, opløsning 60 mg/ml 1 stk. (Abacus) Abacus 464168";"0";"0,00";"0,000";"0";"0,00";"0,000"
"05-08-2020";"AMGEN, Danmark";"Aranesp";"Aranesp";"Aranesp Inj.vsk,opl.,sprøjte 10 mikrogram 4 x 0,4 ml AMGEN, Danmark 003195";"0";"0,00";"0,000";"0";"0,00";"0,000"
"05-08-2020";"AMGEN, Danmark";"Aranesp";"Aranesp";"Aranesp inj.væske, opl., pen 500 mikrogram 1,0 ml AMGEN, Danmark 023480";"0";"0,00";"0,000";"0";"0,00";"0,000"
"05-08-2020";"AMGEN, Danmark";"Aranesp";"Aranesp";"Aranesp Inj.vsk,opl.,sprøjte 20 mikrogram 4x0,5ml(m.saf.dev.) AMGEN, Danmark 057126";"45";"56.145,60";"800,010";"45";"56.145,60";"800,010"
"05-08-2020";"AMGEN, Danmark";"Aranesp";"Aranesp";"Aranesp Inj.vsk,opl.,sprøjte 30 mikrogram 4x0,3ml(m.saf.dev.) AMGEN, Danmark 057148";"109";"203.990,23";"2.906,703";"109";"203.990,23";"2.906,703"
"05-08-2020";"AMGEN, Danmark";"Aranesp";"Aranesp";"Aranesp Inj.vsk,opl.,sprøjte 40 mikrogram 4x0,4 ml(m.saf.dev.) AMGEN, Danmark 057171";"15";"37.430,40";"533,340";"35";"87.337,60";"1.244,460"
"05-08-2020";"AMGEN, Danmark";"Aranesp";"Aranesp";"Aranesp Inj.vsk,opl.,sprøjte 50 mikrogram 4x0,5ml(m.saf.dev.) AMGEN, Danmark 057194";"14";"43.668,10";"622,216";"14";"43.668,10";"622,216"
"05-08-2020";"AMGEN, Danmark";"Aranesp";"Aranesp";"Aranesp Inj.vsk,opl.,sprøjte 60 mikrogram 4x0,3 ml(m.saf.dev.) AMGEN, Danmark 057217";"0";"0,00";"0,000";"0";"0,00";"0,000"
"05-08-2020";"AMGEN, Danmark";"Aranesp";"Aranesp";"Aranesp Inj.vsk,opl.,sprøjte 80 mikrogram 4 x 0,4 ml AMGEN, Danmark 057239";"3";"14.972,04";"213,333";"3";"14.972,04";"213,333"
"05-08-2020";"AMGEN, Danmark";"Aranesp";"Aranesp";"Aranesp Inj.vsk,opl.,sprøjte 100 mikrogram 4 x 0,5 ml AMGEN, Danmark 057262";"1";"6.238,36";"88,889";"26";"162.197,36";"2.311,114"
"05-08-2020";"AMGEN, Danmark";"Aranesp";"Aranesp";"Aranesp Inj.vsk,opl.,sprøjte 130 mikrogram 4x0,65ml(m.saf.dev.) AMGEN, Danmark 057285";"1";"8.109,88";"115,556";"1";"8.109,88";"115,556"
"05-08-2020";"AMGEN, Danmark";"Aranesp";"Aranesp";"Aranesp Inj.vsk,opl.,sprøjte 150 mikrogram 4 x 0,3 ml AMGEN, Danmark 057308";"0";"0,00";"0,000";"0";"0,00";"0,000"
"05-08-2020";"AMGEN, Danmark";"Aranesp";"Aranesp";"Aranesp Inj.vsk,opl.,sprøjte 300 mikrogram 1x0,6 ml(m.saf.dev.) AMGEN, Danmark 057319";"0";"0,00";"0,000";"0";"0,00";"0,000"
"05-08-2020";"AMGEN, Danmark";"Aranesp";"Aranesp";"Aranesp Inj.vsk,opl.,sprøjte 500 mikrogram 1ml(m.saf.dev.) AMGEN, Danmark 057341";"0";"0,00";"0,000";"13";"101.373,09";"1.444,443"
"05-08-2020";"AMGEN, Danmark";"Aranesp";"Aranesp";"Aranesp inj.væske, opl., pen 150 mikrogram 0,3 ml AMGEN, Danmark 091919";"0";"0,00";"0,000";"50";"116.968,50";"1.666,650"
"05-08-2020";"AMGEN, Danmark";"Aranesp";"Aranesp";"Aranesp inj.væske, opl., pen 500 mikrogram 1,0 ml AMGEN, Danmark 136635";"0";"0,00";"0,000";"0";"0,00";"0,000"
"05-08-2020";"AMGEN, Danmark";"Aranesp";"Aranesp";"Aranesp inj.væske, opl., pen 300 mikrogram 0,6 ml AMGEN, Danmark 155908";"10";"46.787,60";"666,670";"150";"701.814,00";"10.000,050"
"05-08-2020";"AMGEN, Danmark";"Mimpara";"Mimpara";"Mimpara Filmovertrukne tabl. 60 mg 28 stk. (2 x 14) (blister) AMGEN, Danmark 016791";"10";"25.281,30";"280,000";"10";"25.281,30";"280,000"
"05-08-2020";"AMGEN, Danmark";"Mimpara";"Mimpara";"Mimpara Filmovertrukne tabl. 90 mg 28 stk. (2 x 14) (blister) AMGEN, Danmark 016802";"0";"0,00";"0,000";"0";"0,00";"0,000"
"05-08-2020";"AMGEN, Danmark";"Mimpara";"Mimpara";"Mimpara Filmovertrukne tabl. 30 mg 28 stk. (2 x 14) (blister) AMGEN, Danmark 016868";"0";"0,00";"0,000";"120";"164.328,00";"1.680,000"
"05-08-2020";"AMGEN, Danmark";"Mimpara";"Mimpara";"Mimpara Filmovertrukne tabl. 30 mg 28 stk. (blister)(Orifarm) Orifarm A/S 189463";"0";"0,00";"0,000";"0";"0,00";"0,000"
"05-08-2020";"AMGEN, Danmark";"Mimpara";"Mimpara";"Mimpara Filmovertrukne tabl. 90 mg 28 stk. (blister)(Orifarm) Orifarm A/S 192763";"0";"0,00";"0,000";"0";"0,00";"0,000"
"05-08-2020";"AMGEN, Danmark";"Mimpara";"Mimpara";"Mimpara Filmovertrukne tabl. 60 mg 28 stk. (blister)(Orifarm) Orifarm A/S 591333";"0";"0,00";"0,000";"0";"0,00";"0,000"
"05-08-2020";"AMGEN, Danmark";"Repatha";"Repatha";"Repatha inj.væske, opl., pen 140 mg 6 stk. AMGEN, Danmark 553814";"0";"0,00";"0,000";"6";"58.117,92";"36,000"
"05-08-2020";"AMGEN, Danmark";"Repatha";"Repatha";"Repatha inj.væske, opl., pen 140 mg 2 stk. AMGEN, Danmark 582043";"0";"0,00";"0,000";"0";"0,00";"0,000"
"05-08-2020";"AMGEN, Danmark";"AMGEVITA";"AMGEVITA";"AMGEVITA inj.væske, opl., pen 40 mg 2 stk. AMGEN, Danmark 155045";"78";"381.659,46";"2.151,708";"78";"381.659,46";"2.151,708"
"05-08-2020";"AMGEN, Danmark";"AMGEVITA";"AMGEVITA";"AMGEVITA Inj.vsk,opl.,sprøjte 40 mg 2 stk. AMGEN, Danmark 169691";"0";"0,00";"0,000";"10";"48.930,70";"275,860"
"05-08-2020";"AMGEN, Danmark";"AMGEVITA";"AMGEVITA";"AMGEVITA inj.væske, opl., pen 40 mg 2 stk. AMGEN, Danmark 472938";"0";"0,00";"0,000";"0";"0,00";"0,000"
"05-08-2020";"AMGEN, Danmark";"AMGEVITA";"AMGEVITA";"AMGEVITA Inj.vsk,opl.,sprøjte 20 mg 1 stk. AMGEN, Danmark 493438";"0";"0,00";"0,000";"0";"0,00";"0,000"
"05-08-2020";"AMGEN, Danmark";"Blincyto";"Blincyto";"Blincyto pul.t.kon+op.t.inf.o 38,5 mikrogram 1 sæt AMGEN, Danmark 177099";"0";"0,00";"0,000";"0";"0,00";"0,000"
"05-08-2020";"AMGEN, Danmark";"Kyprolis";"Kyprolis";"Kyprolis Pulv.t.inf.væske,opl 30 mg 1 stk. AMGEN, Danmark 090435";"6";"25.970,64";"6,000";"6";"25.970,64";"6,000"
"05-08-2020";"AMGEN, Danmark";"Kyprolis";"Kyprolis";"Kyprolis Pulv.t.inf.væske,opl 60 mg 1 stk. AMGEN, Danmark 534401";"6";"51.941,34";"6,000";"9";"77.912,01";"9,000"
"05-08-2020";"AMGEN, Danmark";"Kyprolis";"Kyprolis";"Kyprolis Pulv.t.inf.væske,opl 10 mg 1 stk. AMGEN, Danmark 542915";"4";"5.771,24";"4,000";"4";"5.771,24";"4,000"
"05-08-2020";"AMGEN, Danmark";"Neulasta";"Neulasta";"Neulasta Inj.vsk,opl.,sprøjte 6 mg 0,6 ml AMGEN, Danmark 056936";"0";"0,00";"0,000";"0";"0,00";"0,000"
"05-08-2020";"AMGEN, Danmark";"Neupogen";"Neupogen";"Neupogen Inj.væske, opløsning 0,3 mg/ml 5 htgl. a 1 ml AMGEN, Danmark 167130";"0";"0,00";"0,000";"0";"0,00";"0,000"
"05-08-2020";"AMGEN, Danmark";"Neupogen";"Neupogen Novum";"Neupogen Novum Inj.vsk,opl.,sprøjte 0,6 mg/ml 5 x 0,5 ml AMGEN, Danmark 004345";"0";"0,00";"0,000";"0";"0,00";"0,000"
"05-08-2020";"AMGEN, Danmark";"Neupogen";"Neupogen Novum";"Neupogen Novum Inj.vsk,opl.,sprøjte 0,96 mg/ml 5 x 0,5 ml AMGEN, Danmark 004367";"0";"0,00";"0,000";"0";"0,00";"0,000"
"05-08-2020";"AMGEN, Danmark";"Parsabiv";"Parsabiv";"Parsabiv Inj.væske, opløsning 10 mg 6 stk. AMGEN, Danmark 414174";"0";"0,00";"0,000";"0";"0,00";"0,000"
"05-08-2020";"AMGEN, Danmark";"Parsabiv";"Parsabiv";"Parsabiv Inj.væske, opløsning 2,5 mg 6 stk. AMGEN, Danmark 435162";"1";"609,52";"7,143";"1";"609,52";"7,143"
"05-08-2020";"AMGEN, Danmark";"Parsabiv";"Parsabiv";"Parsabiv Inj.væske, opløsning 5 mg 6 stk. AMGEN, Danmark 491810";"16";"19.505,28";"228,576";"17";"20.724,36";"242,862"
"05-08-2020";"AMGEN, Danmark";"Vectibix";"Vectibix";"Vectibix Konc.t.inf.væsk.opl. 20 mg/ml 20 ml AMGEN, Danmark 112725";"0";"0,00";"0,000";"0";"0,00";"0,000"
"05-08-2020";"AMGEN, Danmark";"Vectibix";"Vectibix";"Vectibix Konc.t.inf.væsk.opl. 20 mg/ml 5 ml AMGEN, Danmark 483104";"10";"28.605,40";"0,000";"10";"28.605,40";"0,000"
"05-08-2020";"Otezla";"Otezla";"Otezla";"Otezla Filmovertrukne tabl. 30 mg 56 stk. (blister) AMGEN, Danmark 139604";"0";"0,00";"0,000";"3";"15.986,52";"84,000"
"05-08-2020";"AMGEN, Danmark";"Nplate";"Nplate";"Nplate Pulv.t.inj.væske,opl 250 mikrogram 1 htgl. AMGEN, Danmark 027807";"4";"14.302,72";"33,332";"4";"14.302,72";"33,332"
"04-08-2020";"AMGEN, Danmark";"Xgeva";"Xgeva";"Xgeva Inj.væske, opløsning 120 mg 1 stk. (1,7 ml) AMGEN, Danmark 537305";"0";"0,00";"0,000";"0";"0,00";"0,000"
"04-08-2020";"Otezla";"Otezla";"Otezla";"Otezla Filmovertrukne tabl. 10+20+30 mg 4 + 4 + 19 stk. (blister) AMGEN, Danmark 477099";"0";"0,00";"0,000";"0";"0,00";"0,000"
"04-08-2020";"AMGEN, Danmark";"Nplate";"Nplate";"Nplate Pulv.t.inj.væske,opl 500 mikrogram 1 htgl. AMGEN, Danmark 027818";"0";"0,00";"0,000";"0";"0,00";"0,000"
"04-08-2020";"AMGEN, Danmark";"Otezla";"Otezla";"Otezla Filmovertrukne tabl. 30 mg 56 stk. (blister) AMGEN, Danmark 139604";"3";"15.986,52";"84,000";"3";"15.986,52";"84,000"
"04-08-2020";"AMGEN, Danmark";"Otezla";"Otezla";"Otezla Filmovertrukne tabl. 10+20+30 mg 4 + 4 + 19 stk. (blister) AMGEN, Danmark 477099";"0";"0,00";"0,000";"0";"0,00";"0,000"
"04-08-2020";"AMGEN, Danmark";"Prolia";"Prolia";"Prolia Inj.væske, opløsning 60 mg/ml 1 stk. (Paranova) Paranova A/S 047403";"0";"0,00";"0,000";"0";"0,00";"0,000"
"04-08-2020";"AMGEN, Danmark";"Prolia";"Prolia";"Prolia Inj.væske, opløsning 60 mg/ml 1 stk. AMGEN, Danmark 085792";"0";"0,00";"0,000";"0";"0,00";"0,000"
"04-08-2020";"AMGEN, Danmark";"Prolia";"Prolia";"Prolia Inj.væske, opløsning 60 mg/ml 1 stk. (2care4) 2care4 419605";"0";"0,00";"0,000";"0";"0,00";"0,000"
"04-08-2020";"AMGEN, Danmark";"Prolia";"Prolia";"Prolia Inj.væske, opløsning 60 mg/ml 1 stk. (Orifarm) Orifarm A/S 434534";"0";"0,00";"0,000";"20";"35.072,20";"3.636,360"
"04-08-2020";"AMGEN, Danmark";"Prolia";"Prolia";"Prolia Inj.væske, opløsning 60 mg/ml 1 stk. (Abacus) Abacus 464168";"0";"0,00";"0,000";"0";"0,00";"0,000"
"04-08-2020";"AMGEN, Danmark";"Aranesp";"Aranesp";"Aranesp Inj.vsk,opl.,sprøjte 10 mikrogram 4 x 0,4 ml AMGEN, Danmark 003195";"0";"0,00";"0,000";"0";"0,00";"0,000"
"04-08-2020";"AMGEN, Danmark";"Aranesp";"Aranesp";"Aranesp inj.væske, opl., pen 500 mikrogram 1,0 ml AMGEN, Danmark 023480";"0";"0,00";"0,000";"0";"0,00";"0,000"
"04-08-2020";"AMGEN, Danmark";"Aranesp";"Aranesp";"Aranesp Inj.vsk,opl.,sprøjte 20 mikrogram 4x0,5ml(m.saf.dev.) AMGEN, Danmark 057126";"0";"0,00";"0,000";"0";"0,00";"0,000"
"04-08-2020";"AMGEN, Danmark";"Aranesp";"Aranesp";"Aranesp Inj.vsk,opl.,sprøjte 30 mikrogram 4x0,3ml(m.saf.dev.) AMGEN, Danmark 057148";"0";"0,00";"0,000";"0";"0,00";"0,000"
"04-08-2020";"AMGEN, Danmark";"Aranesp";"Aranesp";"Aranesp Inj.vsk,opl.,sprøjte 40 mikrogram 4x0,4 ml(m.saf.dev.) AMGEN, Danmark 057171";"0";"0,00";"0,000";"20";"49.907,20";"711,120"
"04-08-2020";"AMGEN, Danmark";"Aranesp";"Aranesp";"Aranesp Inj.vsk,opl.,sprøjte 50 mikrogram 4x0,5ml(m.saf.dev.) AMGEN, Danmark 057194";"0";"0,00";"0,000";"0";"0,00";"0,000"
"04-08-2020";"AMGEN, Danmark";"Aranesp";"Aranesp";"Aranesp Inj.vsk,opl.,sprøjte 60 mikrogram 4x0,3 ml(m.saf.dev.) AMGEN, Danmark 057217";"0";"0,00";"0,000";"0";"0,00";"0,000"
"04-08-2020";"AMGEN, Danmark";"Aranesp";"Aranesp";"Aranesp Inj.vsk,opl.,sprøjte 80 mikrogram 4 x 0,4 ml AMGEN, Danmark 057239";"0";"0,00";"0,000";"0";"0,00";"0,000"
"04-08-2020";"AMGEN, Danmark";"Aranesp";"Aranesp";"Aranesp Inj.vsk,opl.,sprøjte 100 mikrogram 4 x 0,5 ml AMGEN, Danmark 057262";"25";"155.959,00";"2.222,225";"25";"155.959,00";"2.222,225"
"04-08-2020";"AMGEN, Danmark";"Aranesp";"Aranesp";"Aranesp Inj.vsk,opl.,sprøjte 130 mikrogram 4x0,65ml(m.saf.dev.) AMGEN, Danmark 057285";"0";"0,00";"0,000";"0";"0,00";"0,000"
"04-08-2020";"AMGEN, Danmark";"Aranesp";"Aranesp";"Aranesp Inj.vsk,opl.,sprøjte 150 mikrogram 4 x 0,3 ml AMGEN, Danmark 057308";"0";"0,00";"0,000";"0";"0,00";"0,000"
"04-08-2020";"AMGEN, Danmark";"Aranesp";"Aranesp";"Aranesp Inj.vsk,opl.,sprøjte 300 mikrogram 1x0,6 ml(m.saf.dev.) AMGEN, Danmark 057319";"0";"0,00";"0,000";"0";"0,00";"0,000"
"04-08-2020";"AMGEN, Danmark";"Aranesp";"Aranesp";"Aranesp Inj.vsk,opl.,sprøjte 500 mikrogram 1ml(m.saf.dev.) AMGEN, Danmark 057341";"13";"101.373,09";"1.444,443";"13";"101.373,09";"1.444,443"
"04-08-2020";"AMGEN, Danmark";"Aranesp";"Aranesp";"Aranesp inj.væske, opl., pen 150 mikrogram 0,3 ml AMGEN, Danmark 091919";"20";"46.787,40";"666,660";"50";"116.968,50";"1.666,650"
"04-08-2020";"AMGEN, Danmark";"Aranesp";"Aranesp";"Aranesp inj.væske, opl., pen 500 mikrogram 1,0 ml AMGEN, Danmark 136635";"0";"0,00";"0,000";"0";"0,00";"0,000"
"04-08-2020";"AMGEN, Danmark";"Aranesp";"Aranesp";"Aranesp inj.væske, opl., pen 300 mikrogram 0,6 ml AMGEN, Danmark 155908";"30";"140.362,80";"2.000,010";"140";"655.026,40";"9.333,380"
"04-08-2020";"AMGEN, Danmark";"Mimpara";"Mimpara";"Mimpara Filmovertrukne tabl. 60 mg 28 stk. (2 x 14) (blister) AMGEN, Danmark 016791";"0";"0,00";"0,000";"0";"0,00";"0,000"
"04-08-2020";"AMGEN, Danmark";"Mimpara";"Mimpara";"Mimpara Filmovertrukne tabl. 90 mg 28 stk. (2 x 14) (blister) AMGEN, Danmark 016802";"0";"0,00";"0,000";"0";"0,00";"0,000"
"04-08-2020";"AMGEN, Danmark";"Mimpara";"Mimpara";"Mimpara Filmovertrukne tabl. 30 mg 28 stk. (2 x 14) (blister) AMGEN, Danmark 016868";"120";"164.328,00";"1.680,000";"120";"164.328,00";"1.680,000"
"04-08-2020";"AMGEN, Danmark";"Mimpara";"Mimpara";"Mimpara Filmovertrukne tabl. 30 mg 28 stk. (blister)(Orifarm) Orifarm A/S 189463";"0";"0,00";"0,000";"0";"0,00";"0,000"
"04-08-2020";"AMGEN, Danmark";"Mimpara";"Mimpara";"Mimpara Filmovertrukne tabl. 90 mg 28 stk. (blister)(Orifarm) Orifarm A/S 192763";"0";"0,00";"0,000";"0";"0,00";"0,000"
"04-08-2020";"AMGEN, Danmark";"Mimpara";"Mimpara";"Mimpara Filmovertrukne tabl. 60 mg 28 stk. (blister)(Orifarm) Orifarm A/S 591333";"0";"0,00";"0,000";"0";"0,00";"0,000"
"04-08-2020";"AMGEN, Danmark";"Repatha";"Repatha";"Repatha inj.væske, opl., pen 140 mg 6 stk. AMGEN, Danmark 553814";"6";"58.117,92";"36,000";"6";"58.117,92";"36,000"
"04-08-2020";"AMGEN, Danmark";"Repatha";"Repatha";"Repatha inj.væske, opl., pen 140 mg 2 stk. AMGEN, Danmark 582043";"0";"0,00";"0,000";"0";"0,00";"0,000"
"04-08-2020";"AMGEN, Danmark";"AMGEVITA";"AMGEVITA";"AMGEVITA inj.væske, opl., pen 40 mg 2 stk. AMGEN, Danmark 155045";"0";"0,00";"0,000";"0";"0,00";"0,000"
"04-08-2020";"AMGEN, Danmark";"AMGEVITA";"AMGEVITA";"AMGEVITA Inj.vsk,opl.,sprøjte 40 mg 2 stk. AMGEN, Danmark 169691";"0";"0,00";"0,000";"10";"48.930,70";"275,860"
"04-08-2020";"AMGEN, Danmark";"AMGEVITA";"AMGEVITA";"AMGEVITA inj.væske, opl., pen 40 mg 2 stk. AMGEN, Danmark 472938";"0";"0,00";"0,000";"0";"0,00";"0,000"
"04-08-2020";"AMGEN, Danmark";"AMGEVITA";"AMGEVITA";"AMGEVITA Inj.vsk,opl.,sprøjte 20 mg 1 stk. AMGEN, Danmark 493438";"0";"0,00";"0,000";"0";"0,00";"0,000"
"04-08-2020";"AMGEN, Danmark";"Blincyto";"Blincyto";"Blincyto pul.t.kon+op.t.inf.o 38,5 mikrogram 1 sæt AMGEN, Danmark 177099";"0";"0,00";"0,000";"0";"0,00";"0,000"
"04-08-2020";"AMGEN, Danmark";"Kyprolis";"Kyprolis";"Kyprolis Pulv.t.inf.væske,opl 30 mg 1 stk. AMGEN, Danmark 090435";"0";"0,00";"0,000";"0";"0,00";"0,000"
"04-08-2020";"AMGEN, Danmark";"Kyprolis";"Kyprolis";"Kyprolis Pulv.t.inf.væske,opl 60 mg 1 stk. AMGEN, Danmark 534401";"0";"0,00";"0,000";"3";"25.970,67";"3,000"
"04-08-2020";"AMGEN, Danmark";"Kyprolis";"Kyprolis";"Kyprolis Pulv.t.inf.væske,opl 10 mg 1 stk. AMGEN, Danmark 542915";"0";"0,00";"0,000";"0";"0,00";"0,000"
"04-08-2020";"AMGEN, Danmark";"Neulasta";"Neulasta";"Neulasta Inj.vsk,opl.,sprøjte 6 mg 0,6 ml AMGEN, Danmark 056936";"0";"0,00";"0,000";"0";"0,00";"0,000"
"04-08-2020";"AMGEN, Danmark";"Neupogen";"Neupogen";"Neupogen Inj.væske, opløsning 0,3 mg/ml 5 htgl. a 1 ml AMGEN, Danmark 167130";"0";"0,00";"0,000";"0";"0,00";"0,000"
"04-08-2020";"AMGEN, Danmark";"Neupogen";"Neupogen Novum";"Neupogen Novum Inj.vsk,opl.,sprøjte 0,6 mg/ml 5 x 0,5 ml AMGEN, Danmark 004345";"0";"0,00";"0,000";"0";"0,00";"0,000"
"04-08-2020";"AMGEN, Danmark";"Neupogen";"Neupogen Novum";"Neupogen Novum Inj.vsk,opl.,sprøjte 0,96 mg/ml 5 x 0,5 ml AMGEN, Danmark 004367";"0";"0,00";"0,000";"0";"0,00";"0,000"
"04-08-2020";"AMGEN, Danmark";"Parsabiv";"Parsabiv";"Parsabiv Inj.væske, opløsning 10 mg 6 stk. AMGEN, Danmark 414174";"0";"0,00";"0,000";"0";"0,00";"0,000"
"04-08-2020";"AMGEN, Danmark";"Parsabiv";"Parsabiv";"Parsabiv Inj.væske, opløsning 2,5 mg 6 stk. AMGEN, Danmark 435162";"0";"0,00";"0,000";"0";"0,00";"0,000"
"04-08-2020";"AMGEN, Danmark";"Parsabiv";"Parsabiv";"Parsabiv Inj.væske, opløsning 5 mg 6 stk. AMGEN, Danmark 491810";"0";"0,00";"0,000";"1";"1.219,08";"14,286"
"04-08-2020";"AMGEN, Danmark";"Vectibix";"Vectibix";"Vectibix Konc.t.inf.væsk.opl. 20 mg/ml 20 ml AMGEN, Danmark 112725";"0";"0,00";"0,000";"0";"0,00";"0,000"
"04-08-2020";"AMGEN, Danmark";"Vectibix";"Vectibix";"Vectibix Konc.t.inf.væsk.opl. 20 mg/ml 5 ml AMGEN, Danmark 483104";"0";"0,00";"0,000";"0";"0,00";"0,000"
"04-08-2020";"Otezla";"Otezla";"Otezla";"Otezla Filmovertrukne tabl. 30 mg 56 stk. (blister) AMGEN, Danmark 139604";"3";"15.986,52";"84,000";"3";"15.986,52";"84,000"
"04-08-2020";"AMGEN, Danmark";"Nplate";"Nplate";"Nplate Pulv.t.inj.væske,opl 250 mikrogram 1 htgl. AMGEN, Danmark 027807";"0";"0,00";"0,000";"0";"0,00";"0,000"
"03-08-2020";"AMGEN, Danmark";"Xgeva";"Xgeva";"Xgeva Inj.væske, opløsning 120 mg 1 stk. (1,7 ml) AMGEN, Danmark 537305";"0";"0,00";"0,000";"0";"0,00";"0,000"
"03-08-2020";"Otezla";"Otezla";"Otezla";"Otezla Filmovertrukne tabl. 10+20+30 mg 4 + 4 + 19 stk. (blister) AMGEN, Danmark 477099";"0";"0,00";"0,000";"0";"0,00";"0,000"
"03-08-2020";"AMGEN, Danmark";"Nplate";"Nplate";"Nplate Pulv.t.inj.væske,opl 500 mikrogram 1 htgl. AMGEN, Danmark 027818";"0";"0,00";"0,000";"0";"0,00";"0,000"
"03-08-2020";"AMGEN, Danmark";"Otezla";"Otezla";"Otezla Filmovertrukne tabl. 30 mg 56 stk. (blister) AMGEN, Danmark 139604";"0";"0,00";"0,000";"0";"0,00";"0,000"
"03-08-2020";"AMGEN, Danmark";"Otezla";"Otezla";"Otezla Filmovertrukne tabl. 10+20+30 mg 4 + 4 + 19 stk. (blister) AMGEN, Danmark 477099";"0";"0,00";"0,000";"0";"0,00";"0,000"
"03-08-2020";"AMGEN, Danmark";"Prolia";"Prolia";"Prolia Inj.væske, opløsning 60 mg/ml 1 stk. (Paranova) Paranova A/S 047403";"0";"0,00";"0,000";"0";"0,00";"0,000"
"03-08-2020";"AMGEN, Danmark";"Prolia";"Prolia";"Prolia Inj.væske, opløsning 60 mg/ml 1 stk. AMGEN, Danmark 085792";"0";"0,00";"0,000";"0";"0,00";"0,000"
"03-08-2020";"AMGEN, Danmark";"Prolia";"Prolia";"Prolia Inj.væske, opløsning 60 mg/ml 1 stk. (2care4) 2care4 419605";"0";"0,00";"0,000";"0";"0,00";"0,000"
"03-08-2020";"AMGEN, Danmark";"Prolia";"Prolia";"Prolia Inj.væske, opløsning 60 mg/ml 1 stk. (Orifarm) Orifarm A/S 434534";"20";"35.072,20";"3.636,360";"20";"35.072,20";"3.636,360"
"03-08-2020";"AMGEN, Danmark";"Prolia";"Prolia";"Prolia Inj.væske, opløsning 60 mg/ml 1 stk. (Abacus) Abacus 464168";"0";"0,00";"0,000";"0";"0,00";"0,000"
"03-08-2020";"AMGEN, Danmark";"Aranesp";"Aranesp";"Aranesp Inj.vsk,opl.,sprøjte 10 mikrogram 4 x 0,4 ml AMGEN, Danmark 003195";"0";"0,00";"0,000";"0";"0,00";"0,000"
"03-08-2020";"AMGEN, Danmark";"Aranesp";"Aranesp";"Aranesp inj.væske, opl., pen 500 mikrogram 1,0 ml AMGEN, Danmark 023480";"0";"0,00";"0,000";"0";"0,00";"0,000"
"03-08-2020";"AMGEN, Danmark";"Aranesp";"Aranesp";"Aranesp Inj.vsk,opl.,sprøjte 20 mikrogram 4x0,5ml(m.saf.dev.) AMGEN, Danmark 057126";"0";"0,00";"0,000";"0";"0,00";"0,000"
"03-08-2020";"AMGEN, Danmark";"Aranesp";"Aranesp";"Aranesp Inj.vsk,opl.,sprøjte 30 mikrogram 4x0,3ml(m.saf.dev.) AMGEN, Danmark 057148";"0";"0,00";"0,000";"0";"0,00";"0,000"
"03-08-2020";"AMGEN, Danmark";"Aranesp";"Aranesp";"Aranesp Inj.vsk,opl.,sprøjte 40 mikrogram 4x0,4 ml(m.saf.dev.) AMGEN, Danmark 057171";"20";"49.907,20";"711,120";"20";"49.907,20";"711,120"
"03-08-2020";"AMGEN, Danmark";"Aranesp";"Aranesp";"Aranesp Inj.vsk,opl.,sprøjte 50 mikrogram 4x0,5ml(m.saf.dev.) AMGEN, Danmark 057194";"0";"0,00";"0,000";"0";"0,00";"0,000"
"03-08-2020";"AMGEN, Danmark";"Aranesp";"Aranesp";"Aranesp Inj.vsk,opl.,sprøjte 60 mikrogram 4x0,3 ml(m.saf.dev.) AMGEN, Danmark 057217";"0";"0,00";"0,000";"0";"0,00";"0,000"
"03-08-2020";"AMGEN, Danmark";"Aranesp";"Aranesp";"Aranesp Inj.vsk,opl.,sprøjte 80 mikrogram 4 x 0,4 ml AMGEN, Danmark 057239";"0";"0,00";"0,000";"0";"0,00";"0,000"
"03-08-2020";"AMGEN, Danmark";"Aranesp";"Aranesp";"Aranesp Inj.vsk,opl.,sprøjte 100 mikrogram 4 x 0,5 ml AMGEN, Danmark 057262";"0";"0,00";"0,000";"0";"0,00";"0,000"
"03-08-2020";"AMGEN, Danmark";"Aranesp";"Aranesp";"Aranesp Inj.vsk,opl.,sprøjte 130 mikrogram 4x0,65ml(m.saf.dev.) AMGEN, Danmark 057285";"0";"0,00";"0,000";"0";"0,00";"0,000"
"03-08-2020";"AMGEN, Danmark";"Aranesp";"Aranesp";"Aranesp Inj.vsk,opl.,sprøjte 150 mikrogram 4 x 0,3 ml AMGEN, Danmark 057308";"0";"0,00";"0,000";"0";"0,00";"0,000"
"03-08-2020";"AMGEN, Danmark";"Aranesp";"Aranesp";"Aranesp Inj.vsk,opl.,sprøjte 300 mikrogram 1x0,6 ml(m.saf.dev.) AMGEN, Danmark 057319";"0";"0,00";"0,000";"0";"0,00";"0,000"
"03-08-2020";"AMGEN, Danmark";"Aranesp";"Aranesp";"Aranesp Inj.vsk,opl.,sprøjte 500 mikrogram 1ml(m.saf.dev.) AMGEN, Danmark 057341";"0";"0,00";"0,000";"0";"0,00";"0,000"
"03-08-2020";"AMGEN, Danmark";"Aranesp";"Aranesp";"Aranesp inj.væske, opl., pen 150 mikrogram 0,3 ml AMGEN, Danmark 091919";"30";"70.181,10";"999,990";"30";"70.181,10";"999,990"
"03-08-2020";"AMGEN, Danmark";"Aranesp";"Aranesp";"Aranesp inj.væske, opl., pen 500 mikrogram 1,0 ml AMGEN, Danmark 136635";"0";"0,00";"0,000";"0";"0,00";"0,000"
"03-08-2020";"AMGEN, Danmark";"Aranesp";"Aranesp";"Aranesp inj.væske, opl., pen 300 mikrogram 0,6 ml AMGEN, Danmark 155908";"110";"514.663,60";"7.333,370";"110";"514.663,60";"7.333,370"
"03-08-2020";"AMGEN, Danmark";"Mimpara";"Mimpara";"Mimpara Filmovertrukne tabl. 60 mg 28 stk. (2 x 14) (blister) AMGEN, Danmark 016791";"0";"0,00";"0,000";"0";"0,00";"0,000"
"03-08-2020";"AMGEN, Danmark";"Mimpara";"Mimpara";"Mimpara Filmovertrukne tabl. 90 mg 28 stk. (2 x 14) (blister) AMGEN, Danmark 016802";"0";"0,00";"0,000";"0";"0,00";"0,000"
"03-08-2020";"AMGEN, Danmark";"Mimpara";"Mimpara";"Mimpara Filmovertrukne tabl. 30 mg 28 stk. (2 x 14) (blister) AMGEN, Danmark 016868";"0";"0,00";"0,000";"0";"0,00";"0,000"
"03-08-2020";"AMGEN, Danmark";"Mimpara";"Mimpara";"Mimpara Filmovertrukne tabl. 30 mg 28 stk. (blister)(Orifarm) Orifarm A/S 189463";"0";"0,00";"0,000";"0";"0,00";"0,000"
"03-08-2020";"AMGEN, Danmark";"Mimpara";"Mimpara";"Mimpara Filmovertrukne tabl. 90 mg 28 stk. (blister)(Orifarm) Orifarm A/S 192763";"0";"0,00";"0,000";"0";"0,00";"0,000"
"03-08-2020";"AMGEN, Danmark";"Mimpara";"Mimpara";"Mimpara Filmovertrukne tabl. 60 mg 28 stk. (blister)(Orifarm) Orifarm A/S 591333";"0";"0,00";"0,000";"0";"0,00";"0,000"
"03-08-2020";"AMGEN, Danmark";"Repatha";"Repatha";"Repatha inj.væske, opl., pen 140 mg 6 stk. AMGEN, Danmark 553814";"0";"0,00";"0,000";"0";"0,00";"0,000"
"03-08-2020";"AMGEN, Danmark";"Repatha";"Repatha";"Repatha inj.væske, opl., pen 140 mg 2 stk. AMGEN, Danmark 582043";"0";"0,00";"0,000";"0";"0,00";"0,000"
"03-08-2020";"AMGEN, Danmark";"AMGEVITA";"AMGEVITA";"AMGEVITA inj.væske, opl., pen 40 mg 2 stk. AMGEN, Danmark 155045";"0";"0,00";"0,000";"0";"0,00";"0,000"
"03-08-2020";"AMGEN, Danmark";"AMGEVITA";"AMGEVITA";"AMGEVITA Inj.vsk,opl.,sprøjte 40 mg 2 stk. AMGEN, Danmark 169691";"10";"48.930,70";"275,860";"10";"48.930,70";"275,860"
"03-08-2020";"AMGEN, Danmark";"AMGEVITA";"AMGEVITA";"AMGEVITA inj.væske, opl., pen 40 mg 2 stk. AMGEN, Danmark 472938";"0";"0,00";"0,000";"0";"0,00";"0,000"
"03-08-2020";"AMGEN, Danmark";"AMGEVITA";"AMGEVITA";"AMGEVITA Inj.vsk,opl.,sprøjte 20 mg 1 stk. AMGEN, Danmark 493438";"0";"0,00";"0,000";"0";"0,00";"0,000"
"03-08-2020";"AMGEN, Danmark";"Blincyto";"Blincyto";"Blincyto pul.t.kon+op.t.inf.o 38,5 mikrogram 1 sæt AMGEN, Danmark 177099";"0";"0,00";"0,000";"0";"0,00";"0,000"
"03-08-2020";"AMGEN, Danmark";"Kyprolis";"Kyprolis";"Kyprolis Pulv.t.inf.væske,opl 30 mg 1 stk. AMGEN, Danmark 090435";"0";"0,00";"0,000";"0";"0,00";"0,000"
"03-08-2020";"AMGEN, Danmark";"Kyprolis";"Kyprolis";"Kyprolis Pulv.t.inf.væske,opl 60 mg 1 stk. AMGEN, Danmark 534401";"3";"25.970,67";"3,000";"3";"25.970,67";"3,000"
"03-08-2020";"AMGEN, Danmark";"Kyprolis";"Kyprolis";"Kyprolis Pulv.t.inf.væske,opl 10 mg 1 stk. AMGEN, Danmark 542915";"0";"0,00";"0,000";"0";"0,00";"0,000"
"03-08-2020";"AMGEN, Danmark";"Neulasta";"Neulasta";"Neulasta Inj.vsk,opl.,sprøjte 6 mg 0,6 ml AMGEN, Danmark 056936";"0";"0,00";"0,000";"0";"0,00";"0,000"
"03-08-2020";"AMGEN, Danmark";"Neupogen";"Neupogen";"Neupogen Inj.væske, opløsning 0,3 mg/ml 5 htgl. a 1 ml AMGEN, Danmark 167130";"0";"0,00";"0,000";"0";"0,00";"0,000"
"03-08-2020";"AMGEN, Danmark";"Neupogen";"Neupogen Novum";"Neupogen Novum Inj.vsk,opl.,sprøjte 0,6 mg/ml 5 x 0,5 ml AMGEN, Danmark 004345";"0";"0,00";"0,000";"0";"0,00";"0,000"
"03-08-2020";"AMGEN, Danmark";"Neupogen";"Neupogen Novum";"Neupogen Novum Inj.vsk,opl.,sprøjte 0,96 mg/ml 5 x 0,5 ml AMGEN, Danmark 004367";"0";"0,00";"0,000";"0";"0,00";"0,000"
"03-08-2020";"AMGEN, Danmark";"Parsabiv";"Parsabiv";"Parsabiv Inj.væske, opløsning 10 mg 6 stk. AMGEN, Danmark 414174";"0";"0,00";"0,000";"0";"0,00";"0,000"
"03-08-2020";"AMGEN, Danmark";"Parsabiv";"Parsabiv";"Parsabiv Inj.væske, opløsning 2,5 mg 6 stk. AMGEN, Danmark 435162";"0";"0,00";"0,000";"0";"0,00";"0,000"
"03-08-2020";"AMGEN, Danmark";"Parsabiv";"Parsabiv";"Parsabiv Inj.væske, opløsning 5 mg 6 stk. AMGEN, Danmark 491810";"1";"1.219,08";"14,286";"1";"1.219,08";"14,286"
"03-08-2020";"AMGEN, Danmark";"Vectibix";"Vectibix";"Vectibix Konc.t.inf.væsk.opl. 20 mg/ml 20 ml AMGEN, Danmark 112725";"0";"0,00";"0,000";"0";"0,00";"0,000"
"03-08-2020";"AMGEN, Danmark";"Vectibix";"Vectibix";"Vectibix Konc.t.inf.væsk.opl. 20 mg/ml 5 ml AMGEN, Danmark 483104";"0";"0,00";"0,000";"0";"0,00";"0,000"
"03-08-2020";"Otezla";"Otezla";"Otezla";"Otezla Filmovertrukne tabl. 30 mg 56 stk. (blister) AMGEN, Danmark 139604";"0";"0,00";"0,000";"0";"0,00";"0,000"
"03-08-2020";"AMGEN, Danmark";"Nplate";"Nplate";"Nplate Pulv.t.inj.væske,opl 250 mikrogram 1 htgl. AMGEN, Danmark 027807";"0";"0,00";"0,000";"0";"0,00";"0,000"
"02-08-2020";"AMGEN, Danmark";"Xgeva";"Xgeva";"Xgeva Inj.væske, opløsning 120 mg 1 stk. (1,7 ml) AMGEN, Danmark 537305";"0";"0,00";"0,000";"0";"0,00";"0,000"
"02-08-2020";"Otezla";"Otezla";"Otezla";"Otezla Filmovertrukne tabl. 10+20+30 mg 4 + 4 + 19 stk. (blister) AMGEN, Danmark 477099";"0";"0,00";"0,000";"0";"0,00";"0,000"
"02-08-2020";"AMGEN, Danmark";"Nplate";"Nplate";"Nplate Pulv.t.inj.væske,opl 500 mikrogram 1 htgl. AMGEN, Danmark 027818";"0";"0,00";"0,000";"0";"0,00";"0,000"
"02-08-2020";"AMGEN, Danmark";"Otezla";"Otezla";"Otezla Filmovertrukne tabl. 30 mg 56 stk. (blister) AMGEN, Danmark 139604";"0";"0,00";"0,000";"0";"0,00";"0,000"
"02-08-2020";"AMGEN, Danmark";"Otezla";"Otezla";"Otezla Filmovertrukne tabl. 10+20+30 mg 4 + 4 + 19 stk. (blister) AMGEN, Danmark 477099";"0";"0,00";"0,000";"0";"0,00";"0,000"
"02-08-2020";"AMGEN, Danmark";"Prolia";"Prolia";"Prolia Inj.væske, opløsning 60 mg/ml 1 stk. (Paranova) Paranova A/S 047403";"0";"0,00";"0,000";"0";"0,00";"0,000"
"02-08-2020";"AMGEN, Danmark";"Prolia";"Prolia";"Prolia Inj.væske, opløsning 60 mg/ml 1 stk. AMGEN, Danmark 085792";"0";"0,00";"0,000";"0";"0,00";"0,000"
"02-08-2020";"AMGEN, Danmark";"Prolia";"Prolia";"Prolia Inj.væske, opløsning 60 mg/ml 1 stk. (2care4) 2care4 419605";"0";"0,00";"0,000";"0";"0,00";"0,000"
"02-08-2020";"AMGEN, Danmark";"Prolia";"Prolia";"Prolia Inj.væske, opløsning 60 mg/ml 1 stk. (Orifarm) Orifarm A/S 434534";"0";"0,00";"0,000";"0";"0,00";"0,000"
"02-08-2020";"AMGEN, Danmark";"Prolia";"Prolia";"Prolia Inj.væske, opløsning 60 mg/ml 1 stk. (Abacus) Abacus 464168";"0";"0,00";"0,000";"0";"0,00";"0,000"
"02-08-2020";"AMGEN, Danmark";"Aranesp";"Aranesp";"Aranesp Inj.vsk,opl.,sprøjte 10 mikrogram 4 x 0,4 ml AMGEN, Danmark 003195";"0";"0,00";"0,000";"0";"0,00";"0,000"
"02-08-2020";"AMGEN, Danmark";"Aranesp";"Aranesp";"Aranesp inj.væske, opl., pen 500 mikrogram 1,0 ml AMGEN, Danmark 023480";"0";"0,00";"0,000";"0";"0,00";"0,000"
"02-08-2020";"AMGEN, Danmark";"Aranesp";"Aranesp";"Aranesp Inj.vsk,opl.,sprøjte 20 mikrogram 4x0,5ml(m.saf.dev.) AMGEN, Danmark 057126";"0";"0,00";"0,000";"0";"0,00";"0,000"
"02-08-2020";"AMGEN, Danmark";"Aranesp";"Aranesp";"Aranesp Inj.vsk,opl.,sprøjte 30 mikrogram 4x0,3ml(m.saf.dev.) AMGEN, Danmark 057148";"0";"0,00";"0,000";"0";"0,00";"0,000"
"02-08-2020";"AMGEN, Danmark";"Aranesp";"Aranesp";"Aranesp Inj.vsk,opl.,sprøjte 40 mikrogram 4x0,4 ml(m.saf.dev.) AMGEN, Danmark 057171";"0";"0,00";"0,000";"0";"0,00";"0,000"
"02-08-2020";"AMGEN, Danmark";"Aranesp";"Aranesp";"Aranesp Inj.vsk,opl.,sprøjte 50 mikrogram 4x0,5ml(m.saf.dev.) AMGEN, Danmark 057194";"0";"0,00";"0,000";"0";"0,00";"0,000"
"02-08-2020";"AMGEN, Danmark";"Aranesp";"Aranesp";"Aranesp Inj.vsk,opl.,sprøjte 60 mikrogram 4x0,3 ml(m.saf.dev.) AMGEN, Danmark 057217";"0";"0,00";"0,000";"0";"0,00";"0,000"
"02-08-2020";"AMGEN, Danmark";"Aranesp";"Aranesp";"Aranesp Inj.vsk,opl.,sprøjte 80 mikrogram 4 x 0,4 ml AMGEN, Danmark 057239";"0";"0,00";"0,000";"0";"0,00";"0,000"
"02-08-2020";"AMGEN, Danmark";"Aranesp";"Aranesp";"Aranesp Inj.vsk,opl.,sprøjte 100 mikrogram 4 x 0,5 ml AMGEN, Danmark 057262";"0";"0,00";"0,000";"0";"0,00";"0,000"
"02-08-2020";"AMGEN, Danmark";"Aranesp";"Aranesp";"Aranesp Inj.vsk,opl.,sprøjte 130 mikrogram 4x0,65ml(m.saf.dev.) AMGEN, Danmark 057285";"0";"0,00";"0,000";"0";"0,00";"0,000"
"02-08-2020";"AMGEN, Danmark";"Aranesp";"Aranesp";"Aranesp Inj.vsk,opl.,sprøjte 150 mikrogram 4 x 0,3 ml AMGEN, Danmark 057308";"0";"0,00";"0,000";"0";"0,00";"0,000"
"02-08-2020";"AMGEN, Danmark";"Aranesp";"Aranesp";"Aranesp Inj.vsk,opl.,sprøjte 300 mikrogram 1x0,6 ml(m.saf.dev.) AMGEN, Danmark 057319";"0";"0,00";"0,000";"0";"0,00";"0,000"
"02-08-2020";"AMGEN, Danmark";"Aranesp";"Aranesp";"Aranesp Inj.vsk,opl.,sprøjte 500 mikrogram 1ml(m.saf.dev.) AMGEN, Danmark 057341";"0";"0,00";"0,000";"0";"0,00";"0,000"
"02-08-2020";"AMGEN, Danmark";"Aranesp";"Aranesp";"Aranesp inj.væske, opl., pen 150 mikrogram 0,3 ml AMGEN, Danmark 091919";"0";"0,00";"0,000";"0";"0,00";"0,000"
"02-08-2020";"AMGEN, Danmark";"Aranesp";"Aranesp";"Aranesp inj.væske, opl., pen 500 mikrogram 1,0 ml AMGEN, Danmark 136635";"0";"0,00";"0,000";"0";"0,00";"0,000"
"02-08-2020";"AMGEN, Danmark";"Aranesp";"Aranesp";"Aranesp inj.væske, opl., pen 300 mikrogram 0,6 ml AMGEN, Danmark 155908";"0";"0,00";"0,000";"0";"0,00";"0,000"
"02-08-2020";"AMGEN, Danmark";"Mimpara";"Mimpara";"Mimpara Filmovertrukne tabl. 60 mg 28 stk. (2 x 14) (blister) AMGEN, Danmark 016791";"0";"0,00";"0,000";"0";"0,00";"0,000"
"02-08-2020";"AMGEN, Danmark";"Mimpara";"Mimpara";"Mimpara Filmovertrukne tabl. 90 mg 28 stk. (2 x 14) (blister) AMGEN, Danmark 016802";"0";"0,00";"0,000";"0";"0,00";"0,000"
"02-08-2020";"AMGEN, Danmark";"Mimpara";"Mimpara";"Mimpara Filmovertrukne tabl. 30 mg 28 stk. (2 x 14) (blister) AMGEN, Danmark 016868";"0";"0,00";"0,000";"0";"0,00";"0,000"
"02-08-2020";"AMGEN, Danmark";"Mimpara";"Mimpara";"Mimpara Filmovertrukne tabl. 30 mg 28 stk. (blister)(Orifarm) Orifarm A/S 189463";"0";"0,00";"0,000";"0";"0,00";"0,000"
"02-08-2020";"AMGEN, Danmark";"Mimpara";"Mimpara";"Mimpara Filmovertrukne tabl. 90 mg 28 stk. (blister)(Orifarm) Orifarm A/S 192763";"0";"0,00";"0,000";"0";"0,00";"0,000"
"02-08-2020";"AMGEN, Danmark";"Mimpara";"Mimpara";"Mimpara Filmovertrukne tabl. 60 mg 28 stk. (blister)(Orifarm) Orifarm A/S 591333";"0";"0,00";"0,000";"0";"0,00";"0,000"
"02-08-2020";"AMGEN, Danmark";"Repatha";"Repatha";"Repatha inj.væske, opl., pen 140 mg 6 stk. AMGEN, Danmark 553814";"0";"0,00";"0,000";"0";"0,00";"0,000"
"02-08-2020";"AMGEN, Danmark";"Repatha";"Repatha";"Repatha inj.væske, opl., pen 140 mg 2 stk. AMGEN, Danmark 582043";"0";"0,00";"0,000";"0";"0,00";"0,000"
"02-08-2020";"AMGEN, Danmark";"AMGEVITA";"AMGEVITA";"AMGEVITA inj.væske, opl., pen 40 mg 2 stk. AMGEN, Danmark 155045";"0";"0,00";"0,000";"0";"0,00";"0,000"
"02-08-2020";"AMGEN, Danmark";"AMGEVITA";"AMGEVITA";"AMGEVITA Inj.vsk,opl.,sprøjte 40 mg 2 stk. AMGEN, Danmark 169691";"0";"0,00";"0,000";"0";"0,00";"0,000"
"02-08-2020";"AMGEN, Danmark";"AMGEVITA";"AMGEVITA";"AMGEVITA inj.væske, opl., pen 40 mg 2 stk. AMGEN, Danmark 472938";"0";"0,00";"0,000";"0";"0,00";"0,000"
"02-08-2020";"AMGEN, Danmark";"AMGEVITA";"AMGEVITA";"AMGEVITA Inj.vsk,opl.,sprøjte 20 mg 1 stk. AMGEN, Danmark 493438";"0";"0,00";"0,000";"0";"0,00";"0,000"
"02-08-2020";"AMGEN, Danmark";"Blincyto";"Blincyto";"Blincyto pul.t.kon+op.t.inf.o 38,5 mikrogram 1 sæt AMGEN, Danmark 177099";"0";"0,00";"0,000";"0";"0,00";"0,000"
"02-08-2020";"AMGEN, Danmark";"Kyprolis";"Kyprolis";"Kyprolis Pulv.t.inf.væske,opl 30 mg 1 stk. AMGEN, Danmark 090435";"0";"0,00";"0,000";"0";"0,00";"0,000"
"02-08-2020";"AMGEN, Danmark";"Kyprolis";"Kyprolis";"Kyprolis Pulv.t.inf.væske,opl 60 mg 1 stk. AMGEN, Danmark 534401";"0";"0,00";"0,000";"0";"0,00";"0,000"
"02-08-2020";"AMGEN, Danmark";"Kyprolis";"Kyprolis";"Kyprolis Pulv.t.inf.væske,opl 10 mg 1 stk. AMGEN, Danmark 542915";"0";"0,00";"0,000";"0";"0,00";"0,000"
"02-08-2020";"AMGEN, Danmark";"Neulasta";"Neulasta";"Neulasta Inj.vsk,opl.,sprøjte 6 mg 0,6 ml AMGEN, Danmark 056936";"0";"0,00";"0,000";"0";"0,00";"0,000"
"02-08-2020";"AMGEN, Danmark";"Neupogen";"Neupogen";"Neupogen Inj.væske, opløsning 0,3 mg/ml 5 htgl. a 1 ml AMGEN, Danmark 167130";"0";"0,00";"0,000";"0";"0,00";"0,000"
"02-08-2020";"AMGEN, Danmark";"Neupogen";"Neupogen Novum";"Neupogen Novum Inj.vsk,opl.,sprøjte 0,6 mg/ml 5 x 0,5 ml AMGEN, Danmark 004345";"0";"0,00";"0,000";"0";"0,00";"0,000"
"02-08-2020";"AMGEN, Danmark";"Neupogen";"Neupogen Novum";"Neupogen Novum Inj.vsk,opl.,sprøjte 0,96 mg/ml 5 x 0,5 ml AMGEN, Danmark 004367";"0";"0,00";"0,000";"0";"0,00";"0,000"
"02-08-2020";"AMGEN, Danmark";"Parsabiv";"Parsabiv";"Parsabiv Inj.væske, opløsning 10 mg 6 stk. AMGEN, Danmark 414174";"0";"0,00";"0,000";"0";"0,00";"0,000"
"02-08-2020";"AMGEN, Danmark";"Parsabiv";"Parsabiv";"Parsabiv Inj.væske, opløsning 2,5 mg 6 stk. AMGEN, Danmark 435162";"0";"0,00";"0,000";"0";"0,00";"0,000"
"02-08-2020";"AMGEN, Danmark";"Parsabiv";"Parsabiv";"Parsabiv Inj.væske, opløsning 5 mg 6 stk. AMGEN, Danmark 491810";"0";"0,00";"0,000";"0";"0,00";"0,000"
"02-08-2020";"AMGEN, Danmark";"Vectibix";"Vectibix";"Vectibix Konc.t.inf.væsk.opl. 20 mg/ml 20 ml AMGEN, Danmark 112725";"0";"0,00";"0,000";"0";"0,00";"0,000"
"02-08-2020";"AMGEN, Danmark";"Vectibix";"Vectibix";"Vectibix Konc.t.inf.væsk.opl. 20 mg/ml 5 ml AMGEN, Danmark 483104";"0";"0,00";"0,000";"0";"0,00";"0,000"
"02-08-2020";"Otezla";"Otezla";"Otezla";"Otezla Filmovertrukne tabl. 30 mg 56 stk. (blister) AMGEN, Danmark 139604";"0";"0,00";"0,000";"0";"0,00";"0,000"
"02-08-2020";"AMGEN, Danmark";"Nplate";"Nplate";"Nplate Pulv.t.inj.væske,opl 250 mikrogram 1 htgl. AMGEN, Danmark 027807";"0";"0,00";"0,000";"0";"0,00";"0,000"
"01-08-2020";"AMGEN, Danmark";"Xgeva";"Xgeva";"Xgeva Inj.væske, opløsning 120 mg 1 stk. (1,7 ml) AMGEN, Danmark 537305";"0";"0,00";"0,000";"0";"0,00";"0,000"
"01-08-2020";"Otezla";"Otezla";"Otezla";"Otezla Filmovertrukne tabl. 10+20+30 mg 4 + 4 + 19 stk. (blister) AMGEN, Danmark 477099";"0";"0,00";"0,000";"0";"0,00";"0,000"
"01-08-2020";"AMGEN, Danmark";"Nplate";"Nplate";"Nplate Pulv.t.inj.væske,opl 500 mikrogram 1 htgl. AMGEN, Danmark 027818";"0";"0,00";"0,000";"0";"0,00";"0,000"
"01-08-2020";"AMGEN, Danmark";"Otezla";"Otezla";"Otezla Filmovertrukne tabl. 30 mg 56 stk. (blister) AMGEN, Danmark 139604";"0";"0,00";"0,000";"0";"0,00";"0,000"
"01-08-2020";"AMGEN, Danmark";"Otezla";"Otezla";"Otezla Filmovertrukne tabl. 10+20+30 mg 4 + 4 + 19 stk. (blister) AMGEN, Danmark 477099";"0";"0,00";"0,000";"0";"0,00";"0,000"
"01-08-2020";"AMGEN, Danmark";"Prolia";"Prolia";"Prolia Inj.væske, opløsning 60 mg/ml 1 stk. (Paranova) Paranova A/S 047403";"0";"0,00";"0,000";"0";"0,00";"0,000"
"01-08-2020";"AMGEN, Danmark";"Prolia";"Prolia";"Prolia Inj.væske, opløsning 60 mg/ml 1 stk. AMGEN, Danmark 085792";"0";"0,00";"0,000";"0";"0,00";"0,000"
"01-08-2020";"AMGEN, Danmark";"Prolia";"Prolia";"Prolia Inj.væske, opløsning 60 mg/ml 1 stk. (2care4) 2care4 419605";"0";"0,00";"0,000";"0";"0,00";"0,000"
"01-08-2020";"AMGEN, Danmark";"Prolia";"Prolia";"Prolia Inj.væske, opløsning 60 mg/ml 1 stk. (Orifarm) Orifarm A/S 434534";"0";"0,00";"0,000";"0";"0,00";"0,000"
"01-08-2020";"AMGEN, Danmark";"Prolia";"Prolia";"Prolia Inj.væske, opløsning 60 mg/ml 1 stk. (Abacus) Abacus 464168";"0";"0,00";"0,000";"0";"0,00";"0,000"
"01-08-2020";"AMGEN, Danmark";"Aranesp";"Aranesp";"Aranesp Inj.vsk,opl.,sprøjte 10 mikrogram 4 x 0,4 ml AMGEN, Danmark 003195";"0";"0,00";"0,000";"0";"0,00";"0,000"
"01-08-2020";"AMGEN, Danmark";"Aranesp";"Aranesp";"Aranesp inj.væske, opl., pen 500 mikrogram 1,0 ml AMGEN, Danmark 023480";"0";"0,00";"0,000";"0";"0,00";"0,000"
"01-08-2020";"AMGEN, Danmark";"Aranesp";"Aranesp";"Aranesp Inj.vsk,opl.,sprøjte 20 mikrogram 4x0,5ml(m.saf.dev.) AMGEN, Danmark 057126";"0";"0,00";"0,000";"0";"0,00";"0,000"
"01-08-2020";"AMGEN, Danmark";"Aranesp";"Aranesp";"Aranesp Inj.vsk,opl.,sprøjte 30 mikrogram 4x0,3ml(m.saf.dev.) AMGEN, Danmark 057148";"0";"0,00";"0,000";"0";"0,00";"0,000"
"01-08-2020";"AMGEN, Danmark";"Aranesp";"Aranesp";"Aranesp Inj.vsk,opl.,sprøjte 40 mikrogram 4x0,4 ml(m.saf.dev.) AMGEN, Danmark 057171";"0";"0,00";"0,000";"0";"0,00";"0,000"
"01-08-2020";"AMGEN, Danmark";"Aranesp";"Aranesp";"Aranesp Inj.vsk,opl.,sprøjte 50 mikrogram 4x0,5ml(m.saf.dev.) AMGEN, Danmark 057194";"0";"0,00";"0,000";"0";"0,00";"0,000"
"01-08-2020";"AMGEN, Danmark";"Aranesp";"Aranesp";"Aranesp Inj.vsk,opl.,sprøjte 60 mikrogram 4x0,3 ml(m.saf.dev.) AMGEN, Danmark 057217";"0";"0,00";"0,000";"0";"0,00";"0,000"
"01-08-2020";"AMGEN, Danmark";"Aranesp";"Aranesp";"Aranesp Inj.vsk,opl.,sprøjte 80 mikrogram 4 x 0,4 ml AMGEN, Danmark 057239";"0";"0,00";"0,000";"0";"0,00";"0,000"
"01-08-2020";"AMGEN, Danmark";"Aranesp";"Aranesp";"Aranesp Inj.vsk,opl.,sprøjte 100 mikrogram 4 x 0,5 ml AMGEN, Danmark 057262";"0";"0,00";"0,000";"0";"0,00";"0,000"
"01-08-2020";"AMGEN, Danmark";"Aranesp";"Aranesp";"Aranesp Inj.vsk,opl.,sprøjte 130 mikrogram 4x0,65ml(m.saf.dev.) AMGEN, Danmark 057285";"0";"0,00";"0,000";"0";"0,00";"0,000"
"01-08-2020";"AMGEN, Danmark";"Aranesp";"Aranesp";"Aranesp Inj.vsk,opl.,sprøjte 150 mikrogram 4 x 0,3 ml AMGEN, Danmark 057308";"0";"0,00";"0,000";"0";"0,00";"0,000"
"01-08-2020";"AMGEN, Danmark";"Aranesp";"Aranesp";"Aranesp Inj.vsk,opl.,sprøjte 300 mikrogram 1x0,6 ml(m.saf.dev.) AMGEN, Danmark 057319";"0";"0,00";"0,000";"0";"0,00";"0,000"
"01-08-2020";"AMGEN, Danmark";"Aranesp";"Aranesp";"Aranesp Inj.vsk,opl.,sprøjte 500 mikrogram 1ml(m.saf.dev.) AMGEN, Danmark 057341";"0";"0,00";"0,000";"0";"0,00";"0,000"
"01-08-2020";"AMGEN, Danmark";"Aranesp";"Aranesp";"Aranesp inj.væske, opl., pen 150 mikrogram 0,3 ml AMGEN, Danmark 091919";"0";"0,00";"0,000";"0";"0,00";"0,000"
"01-08-2020";"AMGEN, Danmark";"Aranesp";"Aranesp";"Aranesp inj.væske, opl., pen 500 mikrogram 1,0 ml AMGEN, Danmark 136635";"0";"0,00";"0,000";"0";"0,00";"0,000"
"01-08-2020";"AMGEN, Danmark";"Aranesp";"Aranesp";"Aranesp inj.væske, opl., pen 300 mikrogram 0,6 ml AMGEN, Danmark 155908";"0";"0,00";"0,000";"0";"0,00";"0,000"
"01-08-2020";"AMGEN, Danmark";"Mimpara";"Mimpara";"Mimpara Filmovertrukne tabl. 60 mg 28 stk. (2 x 14) (blister) AMGEN, Danmark 016791";"0";"0,00";"0,000";"0";"0,00";"0,000"
"01-08-2020";"AMGEN, Danmark";"Mimpara";"Mimpara";"Mimpara Filmovertrukne tabl. 90 mg 28 stk. (2 x 14) (blister) AMGEN, Danmark 016802";"0";"0,00";"0,000";"0";"0,00";"0,000"
"01-08-2020";"AMGEN, Danmark";"Mimpara";"Mimpara";"Mimpara Filmovertrukne tabl. 30 mg 28 stk. (2 x 14) (blister) AMGEN, Danmark 016868";"0";"0,00";"0,000";"0";"0,00";"0,000"
"01-08-2020";"AMGEN, Danmark";"Mimpara";"Mimpara";"Mimpara Filmovertrukne tabl. 30 mg 28 stk. (blister)(Orifarm) Orifarm A/S 189463";"0";"0,00";"0,000";"0";"0,00";"0,000"
"01-08-2020";"AMGEN, Danmark";"Mimpara";"Mimpara";"Mimpara Filmovertrukne tabl. 90 mg 28 stk. (blister)(Orifarm) Orifarm A/S 192763";"0";"0,00";"0,000";"0";"0,00";"0,000"
"01-08-2020";"AMGEN, Danmark";"Mimpara";"Mimpara";"Mimpara Filmovertrukne tabl. 60 mg 28 stk. (blister)(Orifarm) Orifarm A/S 591333";"0";"0,00";"0,000";"0";"0,00";"0,000"
"01-08-2020";"AMGEN, Danmark";"Repatha";"Repatha";"Repatha inj.væske, opl., pen 140 mg 6 stk. AMGEN, Danmark 553814";"0";"0,00";"0,000";"0";"0,00";"0,000"
"01-08-2020";"AMGEN, Danmark";"Repatha";"Repatha";"Repatha inj.væske, opl., pen 140 mg 2 stk. AMGEN, Danmark 582043";"0";"0,00";"0,000";"0";"0,00";"0,000"
"01-08-2020";"AMGEN, Danmark";"AMGEVITA";"AMGEVITA";"AMGEVITA inj.væske, opl., pen 40 mg 2 stk. AMGEN, Danmark 155045";"0";"0,00";"0,000";"0";"0,00";"0,000"
"01-08-2020";"AMGEN, Danmark";"AMGEVITA";"AMGEVITA";"AMGEVITA Inj.vsk,opl.,sprøjte 40 mg 2 stk. AMGEN, Danmark 169691";"0";"0,00";"0,000";"0";"0,00";"0,000"
"01-08-2020";"AMGEN, Danmark";"AMGEVITA";"AMGEVITA";"AMGEVITA inj.væske, opl., pen 40 mg 2 stk. AMGEN, Danmark 472938";"0";"0,00";"0,000";"0";"0,00";"0,000"
"01-08-2020";"AMGEN, Danmark";"AMGEVITA";"AMGEVITA";"AMGEVITA Inj.vsk,opl.,sprøjte 20 mg 1 stk. AMGEN, Danmark 493438";"0";"0,00";"0,000";"0";"0,00";"0,000"
"01-08-2020";"AMGEN, Danmark";"Blincyto";"Blincyto";"Blincyto pul.t.kon+op.t.inf.o 38,5 mikrogram 1 sæt AMGEN, Danmark 177099";"0";"0,00";"0,000";"0";"0,00";"0,000"
"01-08-2020";"AMGEN, Danmark";"Kyprolis";"Kyprolis";"Kyprolis Pulv.t.inf.væske,opl 30 mg 1 stk. AMGEN, Danmark 090435";"0";"0,00";"0,000";"0";"0,00";"0,000"
"01-08-2020";"AMGEN, Danmark";"Kyprolis";"Kyprolis";"Kyprolis Pulv.t.inf.væske,opl 60 mg 1 stk. AMGEN, Danmark 534401";"0";"0,00";"0,000";"0";"0,00";"0,000"
"01-08-2020";"AMGEN, Danmark";"Kyprolis";"Kyprolis";"Kyprolis Pulv.t.inf.væske,opl 10 mg 1 stk. AMGEN, Danmark 542915";"0";"0,00";"0,000";"0";"0,00";"0,000"
"01-08-2020";"AMGEN, Danmark";"Neulasta";"Neulasta";"Neulasta Inj.vsk,opl.,sprøjte 6 mg 0,6 ml AMGEN, Danmark 056936";"0";"0,00";"0,000";"0";"0,00";"0,000"
"01-08-2020";"AMGEN, Danmark";"Neupogen";"Neupogen";"Neupogen Inj.væske, opløsning 0,3 mg/ml 5 htgl. a 1 ml AMGEN, Danmark 167130";"0";"0,00";"0,000";"0";"0,00";"0,000"
"01-08-2020";"AMGEN, Danmark";"Neupogen";"Neupogen Novum";"Neupogen Novum Inj.vsk,opl.,sprøjte 0,6 mg/ml 5 x 0,5 ml AMGEN, Danmark 004345";"0";"0,00";"0,000";"0";"0,00";"0,000"
"01-08-2020";"AMGEN, Danmark";"Neupogen";"Neupogen Novum";"Neupogen Novum Inj.vsk,opl.,sprøjte 0,96 mg/ml 5 x 0,5 ml AMGEN, Danmark 004367";"0";"0,00";"0,000";"0";"0,00";"0,000"
"01-08-2020";"AMGEN, Danmark";"Parsabiv";"Parsabiv";"Parsabiv Inj.væske, opløsning 10 mg 6 stk. AMGEN, Danmark 414174";"0";"0,00";"0,000";"0";"0,00";"0,000"
"01-08-2020";"AMGEN, Danmark";"Parsabiv";"Parsabiv";"Parsabiv Inj.væske, opløsning 2,5 mg 6 stk. AMGEN, Danmark 435162";"0";"0,00";"0,000";"0";"0,00";"0,000"
"01-08-2020";"AMGEN, Danmark";"Parsabiv";"Parsabiv";"Parsabiv Inj.væske, opløsning 5 mg 6 stk. AMGEN, Danmark 491810";"0";"0,00";"0,000";"0";"0,00";"0,000"
"01-08-2020";"AMGEN, Danmark";"Vectibix";"Vectibix";"Vectibix Konc.t.inf.væsk.opl. 20 mg/ml 20 ml AMGEN, Danmark 112725";"0";"0,00";"0,000";"0";"0,00";"0,000"
"01-08-2020";"AMGEN, Danmark";"Vectibix";"Vectibix";"Vectibix Konc.t.inf.væsk.opl. 20 mg/ml 5 ml AMGEN, Danmark 483104";"0";"0,00";"0,000";"0";"0,00";"0,000"
"01-08-2020";"Otezla";"Otezla";"Otezla";"Otezla Filmovertrukne tabl. 30 mg 56 stk. (blister) AMGEN, Danmark 139604";"0";"0,00";"0,000";"0";"0,00";"0,000"
"01-08-2020";"AMGEN, Danmark";"Nplate";"Nplate";"Nplate Pulv.t.inj.væske,opl 250 mikrogram 1 htgl. AMGEN, Danmark 027807";"0";"0,00";"0,000";"0";"0,00";"0,000"
